index,label
0,0
1,2
2,8
3,8
4,8
5,0
6,6
7,7
8,3
9,5
10,7
11,0
12,8
13,1
14,4
15,1
16,9
17,0
18,0
19,3
20,8
21,4
22,1
23,4
24,8
25,4
26,4
27,5
28,0
29,8
30,4
31,9
32,0
33,7
34,0
35,9
36,7
37,8
38,6
39,9
40,1
41,4
42,7
43,5
44,9
45,7
46,5
47,0
48,6
49,7
50,5
51,8
52,5
53,7
54,4
55,0
56,6
57,0
58,7
59,2
60,2
61,3
62,8
63,1
64,9
65,1
66,7
67,2
68,9
69,6
70,0
71,9
72,3
73,1
74,0
75,1
76,9
77,9
78,7
79,2
80,9
81,9
82,1
83,9
84,3
85,2
86,5
87,1
88,2
89,4
90,9
91,4
92,9
93,4
94,7
95,6
96,1
97,5
98,1
99,4
100,2
101,0
102,0
103,5
104,0
105,8
106,4
107,0
108,9
109,2
110,4
111,3
112,8
113,7
114,5
115,9
116,3
117,7
118,8
119,3
120,8
121,7
122,6
123,7
124,6
125,8
126,4
127,7
128,5
129,5
130,8
131,5
132,8
133,6
134,7
135,3
136,9
137,0
138,7
139,1
140,0
141,2
142,2
143,3
144,5
145,2
146,8
147,7
148,5
149,7
150,1
151,2
152,9
153,4
154,7
155,0
156,7
157,0
158,0
159,0
160,7
161,4
162,9
163,3
164,6
165,9
166,6
167,3
168,8
169,8
170,4
171,9
172,8
173,5
174,3
175,8
176,6
177,7
178,9
179,7
180,0
181,2
182,2
183,2
184,0
185,4
186,3
187,5
188,0
189,2
190,8
191,4
192,9
193,3
194,3
195,9
196,5
197,5
198,2
199,1
200,8
201,4
202,6
203,7
204,0
205,8
206,4
207,8
208,5
209,1
210,8
211,6
212,7
213,3
214,0
215,2
216,0
217,5
218,4
219,4
220,1
221,0
222,2
223,5
224,3
225,4
226,8
227,8
228,4
229,7
230,8
231,2
232,8
233,0
234,9
235,7
236,3
237,0
238,8
239,5
240,5
241,1
242,8
243,0
244,9
245,7
246,0
247,9
248,9
249,1
250,2
251,5
252,9
253,6
254,6
255,0
256,4
257,3
258,8
259,7
260,7
261,1
262,4
263,5
264,9
265,3
266,8
267,3
268,8
269,6
270,2
271,0
272,9
273,2
274,5
275,3
276,7
277,5
278,7
279,0
280,4
281,1
282,4
283,9
284,5
285,1
286,3
287,4
288,1
289,4
290,6
291,3
292,9
293,4
294,1
295,1
296,0
297,4
298,2
299,0
300,5
301,9
302,8
303,7
304,3
305,3
306,5
307,8
308,8
309,3
310,9
311,1
312,1
313,8
314,9
315,2
316,5
317,2
318,6
319,7
320,0
321,0
322,1
323,5
324,7
325,6
326,8
327,0
328,5
329,0
330,7
331,1
332,1
333,7
334,4
335,0
336,1
337,2
338,8
339,8
340,1
341,2
342,5
343,0
344,9
345,4
346,1
347,4
348,1
349,9
350,8
351,1
352,5
353,1
354,8
355,6
356,4
357,7
358,8
359,8
360,3
361,8
362,6
363,1
364,7
365,2
366,8
367,8
368,9
369,3
370,2
371,7
372,2
373,1
374,0
375,7
376,6
377,1
378,4
379,9
380,3
381,6
382,5
383,1
384,9
385,0
386,6
387,2
388,1
389,5
390,1
391,4
392,4
393,0
394,0
395,2
396,0
397,0
398,4
399,1
400,3
401,3
402,1
403,2
404,5
405,2
406,0
407,8
408,4
409,0
410,9
411,0
412,8
413,5
414,9
415,8
416,6
417,6
418,6
419,1
420,5
421,7
422,1
423,1
424,2
425,4
426,0
427,5
428,4
429,0
430,2
431,3
432,0
433,4
434,4
435,2
436,0
437,3
438,1
439,1
440,1
441,5
442,9
443,8
444,9
445,2
446,0
447,3
448,2
449,3
450,2
451,3
452,1
453,1
454,6
455,0
456,1
457,7
458,6
459,7
460,1
461,6
462,9
463,7
464,8
465,7
466,0
467,4
468,9
469,3
470,9
471,8
472,8
473,2
474,7
475,0
476,3
477,1
478,4
479,5
480,7
481,8
482,2
483,7
484,5
485,6
486,6
487,7
488,4
489,8
490,9
491,3
492,5
493,2
494,2
495,7
496,1
497,5
498,8
499,7
500,3
501,1
502,9
503,3
504,7
505,0
506,6
507,3
508,9
509,7
510,3
511,5
512,9
513,2
514,5
515,8
516,0
517,7
518,2
519,0
520,0
521,5
522,9
523,2
524,3
525,3
526,6
527,7
528,3
529,0
530,6
531,6
532,0
533,5
534,1
535,2
536,4
537,0
538,4
539,4
540,7
541,3
542,7
543,4
544,6
545,1
546,3
547,2
548,3
549,7
550,5
551,9
552,6
553,8
554,1
555,0
556,2
557,3
558,5
559,8
560,4
561,9
562,7
563,1
564,9
565,6
566,0
567,0
568,9
569,4
570,8
571,3
572,6
573,8
574,2
575,3
576,1
577,4
578,7
579,4
580,6
581,2
582,3
583,0
584,5
585,3
586,4
587,8
588,8
589,1
590,2
591,9
592,5
593,9
594,2
595,9
596,1
597,1
598,9
599,3
600,0
601,2
602,4
603,6
604,8
605,7
606,1
607,4
608,0
609,7
610,0
611,7
612,4
613,8
614,8
615,0
616,6
617,8
618,4
619,5
620,1
621,6
622,7
623,3
624,9
625,9
626,0
627,2
628,9
629,9
630,3
631,5
632,3
633,8
634,2
635,2
636,1
637,9
638,6
639,3
640,3
641,7
642,1
643,3
644,4
645,6
646,1
647,2
648,3
649,1
650,5
651,8
652,1
653,5
654,6
655,7
656,6
657,9
658,1
659,8
660,1
661,7
662,1
663,3
664,9
665,1
666,0
667,4
668,3
669,6
670,8
671,3
672,0
673,3
674,9
675,9
676,4
677,6
678,6
679,5
680,1
681,3
682,4
683,4
684,4
685,0
686,2
687,5
688,4
689,4
690,5
691,8
692,7
693,3
694,9
695,2
696,3
697,9
698,9
699,9
700,3
701,4
702,7
703,3
704,8
705,7
706,6
707,2
708,3
709,9
710,7
711,1
712,2
713,0
714,0
715,2
716,8
717,3
718,9
719,3
720,6
721,1
722,8
723,0
724,7
725,4
726,3
727,8
728,1
729,2
730,7
731,1
732,0
733,6
734,9
735,4
736,5
737,5
738,3
739,0
740,7
741,0
742,3
743,4
744,5
745,0
746,7
747,1
748,7
749,2
750,9
751,1
752,6
753,9
754,7
755,6
756,8
757,6
758,1
759,7
760,2
761,1
762,6
763,4
764,6
765,2
766,3
767,7
768,8
769,6
770,9
771,7
772,7
773,9
774,6
775,5
776,5
777,4
778,6
779,2
780,8
781,6
782,5
783,6
784,5
785,6
786,5
787,4
788,2
789,0
790,7
791,4
792,4
793,1
794,2
795,9
796,4
797,6
798,5
799,9
800,3
801,1
802,4
803,3
804,3
805,6
806,5
807,3
808,1
809,8
810,1
811,8
812,9
813,1
814,2
815,2
816,7
817,5
818,1
819,6
820,0
821,1
822,3
823,8
824,2
825,4
826,4
827,1
828,2
829,0
830,5
831,0
832,5
833,6
834,6
835,1
836,1
837,0
838,8
839,9
840,0
841,2
842,0
843,9
844,5
845,8
846,9
847,1
848,0
849,1
850,6
851,4
852,6
853,8
854,6
855,2
856,9
857,8
858,3
859,7
860,9
861,4
862,7
863,5
864,7
865,4
866,3
867,6
868,0
869,7
870,6
871,6
872,0
873,0
874,4
875,1
876,1
877,8
878,8
879,4
880,9
881,2
882,5
883,1
884,5
885,4
886,2
887,0
888,5
889,0
890,0
891,1
892,9
893,3
894,0
895,8
896,7
897,1
898,9
899,9
900,2
901,0
902,2
903,0
904,0
905,9
906,2
907,7
908,0
909,7
910,6
911,8
912,1
913,6
914,8
915,6
916,9
917,1
918,8
919,8
920,8
921,4
922,3
923,9
924,3
925,9
926,3
927,6
928,6
929,4
930,5
931,4
932,0
933,4
934,2
935,8
936,5
937,6
938,3
939,9
940,1
941,7
942,7
943,1
944,2
945,5
946,9
947,8
948,0
949,1
950,9
951,7
952,1
953,6
954,1
955,8
956,6
957,6
958,8
959,6
960,6
961,7
962,8
963,7
964,8
965,7
966,0
967,7
968,2
969,4
970,5
971,8
972,6
973,4
974,1
975,4
976,7
977,3
978,2
979,1
980,1
981,6
982,0
983,2
984,3
985,9
986,1
987,4
988,7
989,1
990,8
991,2
992,6
993,0
994,4
995,6
996,2
997,1
998,2
999,6
1000,3
1001,2
1002,3
1003,0
1004,9
1005,9
1006,8
1007,4
1008,8
1009,1
1010,6
1011,9
1012,2
1013,9
1014,2
1015,9
1016,1
1017,4
1018,6
1019,3
1020,8
1021,1
1022,3
1023,1
1024,5
1025,4
1026,4
1027,3
1028,9
1029,6
1030,6
1031,9
1032,8
1033,9
1034,7
1035,0
1036,4
1037,1
1038,8
1039,6
1040,3
1041,4
1042,2
1043,3
1044,0
1045,8
1046,3
1047,3
1048,7
1049,6
1050,8
1051,1
1052,0
1053,7
1054,8
1055,2
1056,3
1057,1
1058,5
1059,7
1060,0
1061,9
1062,1
1063,1
1064,0
1065,8
1066,8
1067,3
1068,1
1069,5
1070,7
1071,6
1072,8
1073,1
1074,4
1075,4
1076,5
1077,0
1078,9
1079,3
1080,5
1081,5
1082,4
1083,5
1084,3
1085,1
1086,7
1087,3
1088,7
1089,7
1090,2
1091,2
1092,2
1093,4
1094,9
1095,4
1096,8
1097,4
1098,0
1099,9
1100,2
1101,4
1102,5
1103,3
1104,9
1105,9
1106,3
1107,5
1108,9
1109,8
1110,6
1111,0
1112,8
1113,7
1114,0
1115,6
1116,4
1117,1
1118,7
1119,2
1120,4
1121,2
1122,3
1123,6
1124,6
1125,8
1126,7
1127,2
1128,1
1129,2
1130,8
1131,2
1132,9
1133,5
1134,6
1135,9
1136,4
1137,0
1138,5
1139,2
1140,0
1141,8
1142,2
1143,0
1144,6
1145,1
1146,4
1147,9
1148,1
1149,6
1150,6
1151,1
1152,4
1153,5
1154,1
1155,8
1156,0
1157,9
1158,5
1159,3
1160,0
1161,4
1162,5
1163,6
1164,7
1165,9
1166,6
1167,5
1168,8
1169,6
1170,5
1171,3
1172,7
1173,8
1174,2
1175,3
1176,6
1177,4
1178,3
1179,5
1180,0
1181,1
1182,8
1183,3
1184,8
1185,7
1186,1
1187,8
1188,8
1189,0
1190,0
1191,1
1192,4
1193,8
1194,6
1195,7
1196,7
1197,0
1198,6
1199,1
1200,4
1201,9
1202,4
1203,1
1204,0
1205,6
1206,3
1207,9
1208,2
1209,3
1210,5
1211,1
1212,9
1213,4
1214,4
1215,2
1216,0
1217,5
1218,1
1219,0
1220,8
1221,6
1222,6
1223,7
1224,0
1225,5
1226,4
1227,6
1228,6
1229,0
1230,0
1231,9
1232,3
1233,3
1234,2
1235,4
1236,8
1237,5
1238,0
1239,5
1240,4
1241,4
1242,5
1243,0
1244,6
1245,5
1246,2
1247,4
1248,3
1249,0
1250,2
1251,3
1252,2
1253,2
1254,8
1255,0
1256,5
1257,4
1258,9
1259,0
1260,8
1261,3
1262,9
1263,1
1264,7
1265,7
1266,6
1267,7
1268,7
1269,6
1270,4
1271,1
1272,4
1273,0
1274,7
1275,3
1276,0
1277,1
1278,6
1279,1
1280,7
1281,8
1282,4
1283,7
1284,1
1285,0
1286,0
1287,8
1288,8
1289,6
1290,4
1291,5
1292,5
1293,7
1294,3
1295,5
1296,3
1297,4
1298,6
1299,8
1300,6
1301,4
1302,6
1303,8
1304,4
1305,4
1306,6
1307,9
1308,7
1309,8
1310,7
1311,2
1312,8
1313,7
1314,0
1315,0
1316,5
1317,1
1318,2
1319,3
1320,9
1321,7
1322,7
1323,8
1324,2
1325,6
1326,1
1327,0
1328,3
1329,8
1330,4
1331,3
1332,1
1333,4
1334,5
1335,7
1336,8
1337,4
1338,9
1339,5
1340,3
1341,0
1342,2
1343,3
1344,6
1345,1
1346,7
1347,0
1348,4
1349,6
1350,2
1351,3
1352,9
1353,1
1354,7
1355,2
1356,9
1357,8
1358,8
1359,1
1360,6
1361,4
1362,0
1363,3
1364,2
1365,9
1366,2
1367,3
1368,0
1369,3
1370,1
1371,2
1372,3
1373,8
1374,9
1375,3
1376,8
1377,1
1378,2
1379,9
1380,0
1381,3
1382,2
1383,5
1384,1
1385,4
1386,6
1387,2
1388,2
1389,0
1390,2
1391,6
1392,1
1393,9
1394,4
1395,1
1396,6
1397,9
1398,7
1399,4
1400,1
1401,0
1402,5
1403,2
1404,7
1405,1
1406,9
1407,8
1408,3
1409,8
1410,6
1411,0
1412,5
1413,0
1414,2
1415,8
1416,0
1417,0
1418,6
1419,3
1420,3
1421,5
1422,7
1423,6
1424,7
1425,2
1426,4
1427,5
1428,1
1429,4
1430,1
1431,1
1432,3
1433,0
1434,4
1435,4
1436,6
1437,9
1438,5
1439,8
1440,8
1441,4
1442,6
1443,4
1444,2
1445,2
1446,4
1447,0
1448,3
1449,6
1450,9
1451,9
1452,8
1453,3
1454,2
1455,4
1456,3
1457,7
1458,3
1459,6
1460,8
1461,5
1462,9
1463,8
1464,7
1465,1
1466,8
1467,2
1468,7
1469,2
1470,3
1471,7
1472,1
1473,6
1474,5
1475,2
1476,8
1477,1
1478,2
1479,3
1480,2
1481,4
1482,9
1483,3
1484,0
1485,7
1486,6
1487,0
1488,1
1489,8
1490,9
1491,8
1492,4
1493,9
1494,3
1495,0
1496,2
1497,2
1498,7
1499,5
1500,8
1501,1
1502,9
1503,1
1504,4
1505,6
1506,2
1507,0
1508,2
1509,4
1510,6
1511,3
1512,2
1513,5
1514,0
1515,7
1516,8
1517,1
1518,7
1519,7
1520,3
1521,5
1522,0
1523,1
1524,9
1525,2
1526,0
1527,3
1528,4
1529,3
1530,9
1531,8
1532,1
1533,3
1534,4
1535,0
1536,6
1537,9
1538,4
1539,5
1540,1
1541,1
1542,1
1543,3
1544,8
1545,5
1546,4
1547,9
1548,0
1549,7
1550,4
1551,9
1552,1
1553,4
1554,1
1555,1
1556,3
1557,4
1558,5
1559,2
1560,3
1561,2
1562,5
1563,7
1564,3
1565,3
1566,1
1567,2
1568,1
1569,4
1570,2
1571,5
1572,8
1573,6
1574,4
1575,7
1576,0
1577,4
1578,2
1579,5
1580,2
1581,0
1582,2
1583,2
1584,3
1585,2
1586,8
1587,3
1588,2
1589,1
1590,3
1591,8
1592,8
1593,7
1594,6
1595,4
1596,7
1597,5
1598,4
1599,8
1600,7
1601,7
1602,0
1603,4
1604,4
1605,2
1606,9
1607,1
1608,1
1609,1
1610,9
1611,8
1612,7
1613,5
1614,8
1615,0
1616,8
1617,9
1618,9
1619,5
1620,8
1621,8
1622,9
1623,9
1624,8
1625,9
1626,3
1627,1
1628,1
1629,2
1630,0
1631,4
1632,1
1633,2
1634,0
1635,2
1636,8
1637,1
1638,2
1639,5
1640,2
1641,3
1642,9
1643,7
1644,8
1645,0
1646,6
1647,0
1648,6
1649,2
1650,8
1651,4
1652,8
1653,4
1654,4
1655,8
1656,3
1657,4
1658,6
1659,6
1660,7
1661,6
1662,0
1663,1
1664,0
1665,8
1666,5
1667,5
1668,7
1669,9
1670,9
1671,7
1672,9
1673,5
1674,6
1675,7
1676,2
1677,3
1678,1
1679,9
1680,5
1681,0
1682,1
1683,8
1684,9
1685,6
1686,8
1687,3
1688,1
1689,6
1690,3
1691,4
1692,0
1693,7
1694,0
1695,4
1696,7
1697,1
1698,7
1699,2
1700,9
1701,1
1702,3
1703,7
1704,8
1705,9
1706,8
1707,3
1708,1
1709,9
1710,5
1711,4
1712,0
1713,3
1714,1
1715,1
1716,4
1717,4
1718,9
1719,4
1720,0
1721,6
1722,7
1723,2
1724,9
1725,7
1726,3
1727,0
1728,7
1729,0
1730,8
1731,9
1732,5
1733,0
1734,6
1735,7
1736,9
1737,1
1738,2
1739,2
1740,8
1741,2
1742,2
1743,6
1744,9
1745,1
1746,6
1747,0
1748,1
1749,8
1750,2
1751,1
1752,6
1753,8
1754,6
1755,2
1756,8
1757,9
1758,9
1759,6
1760,6
1761,0
1762,3
1763,7
1764,6
1765,3
1766,7
1767,5
1768,6
1769,1
1770,0
1771,8
1772,7
1773,6
1774,2
1775,3
1776,4
1777,1
1778,8
1779,3
1780,5
1781,0
1782,5
1783,6
1784,2
1785,7
1786,2
1787,1
1788,7
1789,8
1790,6
1791,8
1792,4
1793,7
1794,1
1795,8
1796,5
1797,0
1798,6
1799,4
1800,5
1801,9
1802,3
1803,0
1804,2
1805,4
1806,8
1807,9
1808,9
1809,9
1810,5
1811,2
1812,8
1813,9
1814,4
1815,5
1816,7
1817,4
1818,5
1819,8
1820,0
1821,2
1822,9
1823,5
1824,5
1825,2
1826,8
1827,1
1828,7
1829,0
1830,1
1831,5
1832,5
1833,3
1834,7
1835,6
1836,7
1837,5
1838,5
1839,7
1840,3
1841,9
1842,6
1843,8
1844,2
1845,0
1846,8
1847,1
1848,2
1849,3
1850,8
1851,1
1852,5
1853,3
1854,5
1855,3
1856,4
1857,9
1858,2
1859,8
1860,0
1861,1
1862,6
1863,3
1864,1
1865,0
1866,7
1867,1
1868,5
1869,5
1870,2
1871,7
1872,7
1873,3
1874,0
1875,5
1876,2
1877,7
1878,0
1879,8
1880,7
1881,4
1882,3
1883,4
1884,3
1885,0
1886,7
1887,1
1888,4
1889,0
1890,1
1891,5
1892,9
1893,7
1894,5
1895,7
1896,1
1897,6
1898,9
1899,0
1900,7
1901,9
1902,8
1903,1
1904,3
1905,1
1906,1
1907,9
1908,9
1909,3
1910,3
1911,0
1912,8
1913,4
1914,1
1915,7
1916,7
1917,9
1918,9
1919,4
1920,8
1921,8
1922,7
1923,0
1924,3
1925,1
1926,3
1927,9
1928,2
1929,4
1930,7
1931,2
1932,8
1933,6
1934,3
1935,4
1936,3
1937,2
1938,0
1939,5
1940,8
1941,0
1942,3
1943,8
1944,3
1945,5
1946,1
1947,6
1948,4
1949,9
1950,6
1951,6
1952,0
1953,4
1954,7
1955,8
1956,9
1957,7
1958,5
1959,2
1960,0
1961,1
1962,7
1963,8
1964,0
1965,0
1966,4
1967,8
1968,5
1969,2
1970,7
1971,6
1972,5
1973,6
1974,1
1975,2
1976,3
1977,6
1978,2
1979,2
1980,2
1981,1
1982,9
1983,8
1984,3
1985,7
1986,8
1987,8
1988,0
1989,8
1990,2
1991,1
1992,7
1993,3
1994,7
1995,2
1996,6
1997,7
1998,9
1999,8
2000,9
2001,6
2002,4
2003,8
2004,0
2005,1
2006,1
2007,3
2008,3
2009,6
2010,1
2011,3
2012,2
2013,9
2014,6
2015,6
2016,3
2017,9
2018,2
2019,4
2020,0
2021,7
2022,7
2023,5
2024,1
2025,7
2026,9
2027,8
2028,2
2029,8
2030,1
2031,7
2032,2
2033,7
2034,2
2035,1
2036,1
2037,0
2038,5
2039,7
2040,6
2041,9
2042,9
2043,6
2044,7
2045,9
2046,4
2047,3
2048,1
2049,7
2050,2
2051,1
2052,9
2053,4
2054,1
2055,2
2056,2
2057,1
2058,2
2059,8
2060,1
2061,7
2062,4
2063,2
2064,6
2065,0
2066,4
2067,0
2068,7
2069,1
2070,9
2071,2
2072,4
2073,2
2074,7
2075,6
2076,6
2077,6
2078,1
2079,4
2080,9
2081,7
2082,1
2083,1
2084,2
2085,5
2086,9
2087,2
2088,9
2089,8
2090,0
2091,3
2092,2
2093,3
2094,2
2095,6
2096,4
2097,8
2098,3
2099,5
2100,9
2101,9
2102,1
2103,5
2104,1
2105,4
2106,2
2107,0
2108,4
2109,9
2110,3
2111,1
2112,5
2113,7
2114,5
2115,7
2116,2
2117,0
2118,9
2119,4
2120,8
2121,7
2122,9
2123,5
2124,4
2125,1
2126,1
2127,8
2128,1
2129,4
2130,6
2131,2
2132,1
2133,9
2134,1
2135,9
2136,4
2137,5
2138,1
2139,5
2140,7
2141,4
2142,2
2143,7
2144,2
2145,9
2146,5
2147,5
2148,1
2149,7
2150,4
2151,5
2152,4
2153,1
2154,3
2155,9
2156,3
2157,3
2158,7
2159,4
2160,0
2161,8
2162,6
2163,8
2164,6
2165,4
2166,9
2167,5
2168,0
2169,0
2170,7
2171,9
2172,7
2173,9
2174,3
2175,8
2176,1
2177,4
2178,6
2179,4
2180,5
2181,2
2182,9
2183,5
2184,8
2185,1
2186,1
2187,6
2188,5
2189,7
2190,9
2191,7
2192,6
2193,0
2194,8
2195,7
2196,6
2197,6
2198,3
2199,8
2200,0
2201,9
2202,3
2203,1
2204,1
2205,5
2206,3
2207,0
2208,7
2209,7
2210,7
2211,3
2212,5
2213,7
2214,5
2215,0
2216,6
2217,5
2218,8
2219,7
2220,9
2221,1
2222,9
2223,3
2224,6
2225,2
2226,9
2227,7
2228,0
2229,6
2230,8
2231,1
2232,0
2233,4
2234,2
2235,6
2236,7
2237,6
2238,9
2239,6
2240,0
2241,3
2242,3
2243,4
2244,9
2245,7
2246,0
2247,4
2248,9
2249,1
2250,8
2251,8
2252,5
2253,1
2254,9
2255,5
2256,7
2257,8
2258,3
2259,1
2260,6
2261,1
2262,8
2263,3
2264,2
2265,0
2266,5
2267,3
2268,3
2269,8
2270,8
2271,0
2272,8
2273,3
2274,2
2275,8
2276,7
2277,1
2278,4
2279,3
2280,1
2281,0
2282,2
2283,5
2284,4
2285,0
2286,3
2287,5
2288,1
2289,5
2290,0
2291,0
2292,0
2293,2
2294,7
2295,3
2296,7
2297,4
2298,2
2299,7
2300,2
2301,6
2302,4
2303,6
2304,9
2305,9
2306,8
2307,6
2308,7
2309,5
2310,9
2311,9
2312,8
2313,8
2314,6
2315,1
2316,7
2317,9
2318,3
2319,1
2320,5
2321,4
2322,5
2323,7
2324,2
2325,3
2326,7
2327,8
2328,9
2329,5
2330,9
2331,2
2332,6
2333,6
2334,7
2335,9
2336,7
2337,2
2338,3
2339,4
2340,5
2341,2
2342,2
2343,2
2344,3
2345,1
2346,6
2347,2
2348,7
2349,7
2350,0
2351,4
2352,9
2353,3
2354,0
2355,2
2356,1
2357,6
2358,4
2359,4
2360,9
2361,0
2362,1
2363,7
2364,4
2365,3
2366,5
2367,8
2368,8
2369,5
2370,2
2371,6
2372,0
2373,2
2374,0
2375,1
2376,6
2377,9
2378,0
2379,7
2380,1
2381,6
2382,1
2383,3
2384,6
2385,6
2386,3
2387,7
2388,9
2389,6
2390,1
2391,6
2392,1
2393,9
2394,3
2395,7
2396,8
2397,0
2398,0
2399,5
2400,0
2401,4
2402,2
2403,6
2404,4
2405,3
2406,9
2407,7
2408,4
2409,3
2410,1
2411,7
2412,1
2413,1
2414,8
2415,8
2416,1
2417,8
2418,5
2419,3
2420,5
2421,3
2422,3
2423,0
2424,9
2425,3
2426,1
2427,1
2428,5
2429,3
2430,5
2431,9
2432,5
2433,9
2434,9
2435,2
2436,3
2437,5
2438,6
2439,3
2440,8
2441,4
2442,5
2443,4
2444,2
2445,3
2446,4
2447,7
2448,9
2449,8
2450,8
2451,8
2452,6
2453,9
2454,5
2455,7
2456,3
2457,4
2458,8
2459,7
2460,9
2461,1
2462,6
2463,8
2464,9
2465,8
2466,4
2467,6
2468,9
2469,6
2470,2
2471,1
2472,9
2473,8
2474,3
2475,0
2476,5
2477,0
2478,7
2479,7
2480,1
2481,1
2482,7
2483,1
2484,8
2485,2
2486,9
2487,0
2488,1
2489,0
2490,9
2491,0
2492,2
2493,2
2494,6
2495,1
2496,2
2497,4
2498,9
2499,6
2500,5
2501,6
2502,9
2503,9
2504,3
2505,6
2506,3
2507,1
2508,5
2509,1
2510,3
2511,5
2512,0
2513,9
2514,7
2515,4
2516,1
2517,1
2518,9
2519,0
2520,9
2521,1
2522,1
2523,6
2524,9
2525,7
2526,2
2527,2
2528,8
2529,0
2530,4
2531,9
2532,4
2533,6
2534,1
2535,6
2536,6
2537,5
2538,5
2539,6
2540,8
2541,4
2542,3
2543,0
2544,2
2545,9
2546,3
2547,4
2548,7
2549,1
2550,2
2551,1
2552,9
2553,0
2554,1
2555,5
2556,2
2557,5
2558,4
2559,2
2560,7
2561,9
2562,1
2563,0
2564,8
2565,8
2566,7
2567,3
2568,0
2569,3
2570,1
2571,8
2572,4
2573,2
2574,2
2575,7
2576,0
2577,8
2578,9
2579,5
2580,2
2581,0
2582,1
2583,5
2584,8
2585,7
2586,0
2587,7
2588,8
2589,1
2590,7
2591,0
2592,8
2593,3
2594,0
2595,6
2596,9
2597,6
2598,3
2599,2
2600,9
2601,5
2602,0
2603,5
2604,7
2605,7
2606,3
2607,6
2608,3
2609,0
2610,1
2611,1
2612,2
2613,9
2614,0
2615,4
2616,3
2617,9
2618,0
2619,4
2620,0
2621,1
2622,4
2623,5
2624,3
2625,5
2626,1
2627,3
2628,1
2629,8
2630,1
2631,4
2632,3
2633,6
2634,3
2635,2
2636,4
2637,0
2638,2
2639,3
2640,2
2641,4
2642,8
2643,5
2644,7
2645,6
2646,1
2647,1
2648,6
2649,0
2650,1
2651,3
2652,4
2653,3
2654,2
2655,0
2656,7
2657,1
2658,1
2659,6
2660,5
2661,0
2662,7
2663,3
2664,4
2665,9
2666,2
2667,2
2668,5
2669,0
2670,9
2671,7
2672,4
2673,4
2674,5
2675,1
2676,0
2677,7
2678,4
2679,9
2680,1
2681,5
2682,1
2683,2
2684,9
2685,1
2686,3
2687,7
2688,4
2689,4
2690,7
2691,9
2692,3
2693,5
2694,1
2695,2
2696,7
2697,4
2698,6
2699,5
2700,7
2701,9
2702,5
2703,3
2704,3
2705,3
2706,7
2707,5
2708,4
2709,2
2710,1
2711,2
2712,1
2713,2
2714,7
2715,8
2716,2
2717,1
2718,8
2719,6
2720,5
2721,4
2722,1
2723,8
2724,0
2725,3
2726,7
2727,7
2728,7
2729,8
2730,0
2731,0
2732,3
2733,7
2734,0
2735,4
2736,7
2737,6
2738,2
2739,8
2740,3
2741,0
2742,8
2743,3
2744,2
2745,7
2746,4
2747,9
2748,5
2749,2
2750,7
2751,0
2752,8
2753,0
2754,1
2755,0
2756,5
2757,5
2758,5
2759,1
2760,1
2761,9
2762,8
2763,1
2764,9
2765,2
2766,7
2767,8
2768,0
2769,0
2770,8
2771,2
2772,2
2773,4
2774,9
2775,7
2776,0
2777,4
2778,3
2779,0
2780,3
2781,8
2782,8
2783,0
2784,3
2785,7
2786,7
2787,5
2788,0
2789,5
2790,0
2791,1
2792,5
2793,8
2794,5
2795,8
2796,5
2797,7
2798,8
2799,3
2800,3
2801,0
2802,3
2803,5
2804,6
2805,5
2806,9
2807,1
2808,1
2809,9
2810,1
2811,2
2812,0
2813,3
2814,4
2815,9
2816,3
2817,1
2818,9
2819,8
2820,3
2821,0
2822,5
2823,0
2824,0
2825,9
2826,9
2827,2
2828,1
2829,6
2830,2
2831,7
2832,2
2833,3
2834,9
2835,6
2836,4
2837,5
2838,6
2839,6
2840,6
2841,3
2842,2
2843,8
2844,5
2845,8
2846,8
2847,2
2848,3
2849,6
2850,5
2851,3
2852,8
2853,7
2854,5
2855,4
2856,0
2857,2
2858,3
2859,9
2860,0
2861,8
2862,6
2863,8
2864,1
2865,4
2866,6
2867,6
2868,4
2869,5
2870,3
2871,8
2872,3
2873,3
2874,4
2875,5
2876,5
2877,7
2878,8
2879,9
2880,3
2881,1
2882,5
2883,0
2884,3
2885,4
2886,6
2887,0
2888,5
2889,0
2890,3
2891,6
2892,4
2893,4
2894,2
2895,8
2896,5
2897,1
2898,4
2899,4
2900,5
2901,1
2902,5
2903,4
2904,6
2905,3
2906,6
2907,9
2908,7
2909,8
2910,7
2911,8
2912,2
2913,4
2914,3
2915,8
2916,3
2917,0
2918,3
2919,6
2920,3
2921,4
2922,9
2923,5
2924,7
2925,1
2926,9
2927,0
2928,2
2929,6
2930,8
2931,1
2932,5
2933,0
2934,1
2935,9
2936,4
2937,7
2938,5
2939,6
2940,0
2941,3
2942,2
2943,9
2944,2
2945,8
2946,7
2947,4
2948,8
2949,2
2950,1
2951,2
2952,1
2953,7
2954,9
2955,8
2956,3
2957,8
2958,9
2959,8
2960,1
2961,6
2962,2
2963,4
2964,9
2965,1
2966,5
2967,5
2968,1
2969,5
2970,3
2971,6
2972,1
2973,0
2974,3
2975,4
2976,8
2977,4
2978,1
2979,1
2980,1
2981,9
2982,7
2983,0
2984,6
2985,7
2986,3
2987,9
2988,3
2989,6
2990,3
2991,9
2992,7
2993,9
2994,5
2995,0
2996,2
2997,6
2998,9
2999,8
3000,2
3001,4
3002,1
3003,0
3004,7
3005,4
3006,2
3007,9
3008,6
3009,1
3010,8
3011,3
3012,5
3013,6
3014,7
3015,8
3016,3
3017,9
3018,0
3019,8
3020,6
3021,6
3022,2
3023,9
3024,6
3025,2
3026,2
3027,2
3028,5
3029,3
3030,6
3031,4
3032,2
3033,0
3034,0
3035,1
3036,4
3037,1
3038,6
3039,8
3040,6
3041,1
3042,9
3043,9
3044,9
3045,6
3046,5
3047,2
3048,0
3049,6
3050,5
3051,3
3052,2
3053,0
3054,8
3055,6
3056,5
3057,6
3058,4
3059,9
3060,4
3061,6
3062,3
3063,0
3064,4
3065,5
3066,6
3067,6
3068,5
3069,9
3070,6
3071,1
3072,8
3073,1
3074,8
3075,5
3076,9
3077,6
3078,9
3079,4
3080,4
3081,1
3082,6
3083,8
3084,8
3085,0
3086,0
3087,4
3088,9
3089,7
3090,3
3091,0
3092,2
3093,9
3094,2
3095,8
3096,3
3097,9
3098,2
3099,1
3100,2
3101,8
3102,4
3103,8
3104,0
3105,5
3106,6
3107,1
3108,1
3109,6
3110,6
3111,5
3112,2
3113,0
3114,5
3115,7
3116,2
3117,8
3118,9
3119,2
3120,2
3121,8
3122,6
3123,7
3124,1
3125,2
3126,2
3127,2
3128,9
3129,1
3130,9
3131,3
3132,2
3133,8
3134,3
3135,4
3136,3
3137,4
3138,3
3139,8
3140,5
3141,0
3142,9
3143,7
3144,1
3145,9
3146,1
3147,7
3148,7
3149,6
3150,3
3151,3
3152,3
3153,3
3154,4
3155,2
3156,4
3157,8
3158,8
3159,0
3160,2
3161,0
3162,1
3163,6
3164,4
3165,0
3166,3
3167,1
3168,4
3169,6
3170,1
3171,9
3172,0
3173,3
3174,1
3175,0
3176,9
3177,5
3178,2
3179,9
3180,4
3181,6
3182,1
3183,1
3184,7
3185,2
3186,1
3187,0
3188,4
3189,2
3190,2
3191,9
3192,4
3193,4
3194,6
3195,1
3196,5
3197,6
3198,1
3199,6
3200,7
3201,9
3202,7
3203,4
3204,1
3205,1
3206,9
3207,8
3208,8
3209,9
3210,2
3211,9
3212,8
3213,6
3214,2
3215,3
3216,5
3217,0
3218,3
3219,7
3220,2
3221,1
3222,2
3223,2
3224,5
3225,0
3226,8
3227,9
3228,6
3229,7
3230,0
3231,4
3232,1
3233,0
3234,3
3235,9
3236,9
3237,6
3238,1
3239,9
3240,9
3241,6
3242,2
3243,7
3244,8
3245,5
3246,0
3247,7
3248,3
3249,9
3250,3
3251,7
3252,0
3253,9
3254,6
3255,7
3256,7
3257,0
3258,0
3259,6
3260,0
3261,2
3262,3
3263,5
3264,2
3265,1
3266,9
3267,8
3268,2
3269,3
3270,3
3271,2
3272,9
3273,9
3274,1
3275,1
3276,5
3277,4
3278,5
3279,9
3280,4
3281,9
3282,9
3283,1
3284,7
3285,8
3286,1
3287,3
3288,9
3289,5
3290,0
3291,8
3292,1
3293,8
3294,5
3295,9
3296,4
3297,6
3298,6
3299,3
3300,0
3301,9
3302,0
3303,7
3304,1
3305,7
3306,9
3307,4
3308,4
3309,2
3310,2
3311,5
3312,9
3313,1
3314,8
3315,6
3316,5
3317,3
3318,9
3319,6
3320,5
3321,4
3322,6
3323,8
3324,4
3325,4
3326,2
3327,8
3328,6
3329,0
3330,9
3331,0
3332,6
3333,5
3334,6
3335,8
3336,4
3337,0
3338,0
3339,2
3340,4
3341,2
3342,1
3343,6
3344,9
3345,0
3346,2
3347,0
3348,8
3349,8
3350,7
3351,0
3352,8
3353,1
3354,2
3355,5
3356,5
3357,1
3358,9
3359,1
3360,5
3361,0
3362,6
3363,6
3364,1
3365,6
3366,0
3367,3
3368,7
3369,5
3370,9
3371,7
3372,8
3373,4
3374,7
3375,4
3376,2
3377,9
3378,0
3379,3
3380,3
3381,2
3382,6
3383,0
3384,4
3385,8
3386,0
3387,9
3388,3
3389,5
3390,6
3391,8
3392,7
3393,4
3394,9
3395,4
3396,8
3397,1
3398,8
3399,4
3400,5
3401,9
3402,4
3403,3
3404,8
3405,1
3406,3
3407,7
3408,0
3409,5
3410,1
3411,8
3412,1
3413,3
3414,3
3415,8
3416,4
3417,1
3418,7
3419,3
3420,4
3421,0
3422,9
3423,3
3424,8
3425,9
3426,5
3427,1
3428,3
3429,5
3430,7
3431,8
3432,3
3433,3
3434,2
3435,9
3436,5
3437,3
3438,2
3439,9
3440,6
3441,0
3442,1
3443,6
3444,3
3445,6
3446,8
3447,4
3448,5
3449,8
3450,9
3451,5
3452,0
3453,4
3454,3
3455,7
3456,7
3457,0
3458,8
3459,9
3460,4
3461,9
3462,4
3463,1
3464,2
3465,4
3466,4
3467,0
3468,1
3469,9
3470,9
3471,2
3472,0
3473,5
3474,8
3475,5
3476,2
3477,8
3478,9
3479,0
3480,5
3481,6
3482,8
3483,0
3484,5
3485,7
3486,7
3487,4
3488,7
3489,2
3490,2
3491,7
3492,0
3493,8
3494,0
3495,0
3496,0
3497,2
3498,5
3499,4
3500,0
3501,5
3502,1
3503,7
3504,6
3505,7
3506,9
3507,7
3508,2
3509,0
3510,2
3511,4
3512,1
3513,8
3514,9
3515,9
3516,8
3517,9
3518,1
3519,4
3520,1
3521,3
3522,8
3523,5
3524,4
3525,8
3526,4
3527,7
3528,4
3529,9
3530,2
3531,1
3532,4
3533,8
3534,5
3535,6
3536,3
3537,8
3538,1
3539,5
3540,1
3541,1
3542,4
3543,1
3544,6
3545,6
3546,9
3547,3
3548,8
3549,9
3550,9
3551,6
3552,8
3553,1
3554,0
3555,2
3556,3
3557,9
3558,1
3559,3
3560,6
3561,4
3562,0
3563,8
3564,9
3565,6
3566,9
3567,3
3568,1
3569,0
3570,4
3571,3
3572,6
3573,1
3574,7
3575,2
3576,3
3577,3
3578,9
3579,1
3580,7
3581,0
3582,1
3583,1
3584,8
3585,7
3586,0
3587,7
3588,6
3589,3
3590,2
3591,3
3592,8
3593,7
3594,6
3595,2
3596,9
3597,2
3598,9
3599,2
3600,4
3601,1
3602,7
3603,6
3604,2
3605,6
3606,3
3607,0
3608,4
3609,5
3610,2
3611,3
3612,0
3613,3
3614,5
3615,9
3616,8
3617,6
3618,6
3619,1
3620,5
3621,2
3622,0
3623,3
3624,0
3625,8
3626,3
3627,1
3628,5
3629,2
3630,8
3631,7
3632,8
3633,0
3634,1
3635,7
3636,8
3637,1
3638,1
3639,8
3640,9
3641,6
3642,3
3643,7
3644,1
3645,1
3646,4
3647,0
3648,8
3649,4
3650,2
3651,6
3652,4
3653,4
3654,4
3655,7
3656,4
3657,2
3658,0
3659,3
3660,9
3661,0
3662,2
3663,6
3664,6
3665,3
3666,6
3667,1
3668,0
3669,1
3670,3
3671,5
3672,9
3673,5
3674,0
3675,5
3676,2
3677,6
3678,9
3679,6
3680,9
3681,7
3682,1
3683,3
3684,4
3685,9
3686,5
3687,2
3688,8
3689,0
3690,2
3691,1
3692,9
3693,0
3694,6
3695,8
3696,7
3697,4
3698,1
3699,8
3700,9
3701,4
3702,3
3703,4
3704,3
3705,7
3706,2
3707,8
3708,2
3709,6
3710,8
3711,7
3712,0
3713,3
3714,1
3715,1
3716,9
3717,4
3718,3
3719,2
3720,4
3721,6
3722,1
3723,6
3724,0
3725,4
3726,5
3727,2
3728,4
3729,4
3730,4
3731,4
3732,9
3733,3
3734,6
3735,2
3736,6
3737,9
3738,6
3739,9
3740,3
3741,7
3742,3
3743,0
3744,3
3745,0
3746,5
3747,3
3748,1
3749,5
3750,0
3751,3
3752,4
3753,0
3754,5
3755,2
3756,7
3757,7
3758,6
3759,7
3760,6
3761,1
3762,6
3763,1
3764,9
3765,6
3766,2
3767,1
3768,6
3769,8
3770,2
3771,6
3772,8
3773,2
3774,5
3775,5
3776,9
3777,7
3778,0
3779,8
3780,6
3781,1
3782,4
3783,5
3784,8
3785,8
3786,5
3787,0
3788,3
3789,7
3790,3
3791,7
3792,7
3793,3
3794,1
3795,2
3796,9
3797,0
3798,3
3799,3
3800,2
3801,2
3802,7
3803,7
3804,2
3805,2
3806,0
3807,8
3808,8
3809,2
3810,7
3811,1
3812,8
3813,7
3814,6
3815,8
3816,9
3817,8
3818,8
3819,2
3820,9
3821,7
3822,7
3823,4
3824,3
3825,4
3826,8
3827,9
3828,3
3829,3
3830,7
3831,1
3832,9
3833,7
3834,8
3835,8
3836,1
3837,1
3838,6
3839,9
3840,3
3841,6
3842,8
3843,3
3844,9
3845,1
3846,6
3847,9
3848,1
3849,9
3850,1
3851,0
3852,0
3853,0
3854,5
3855,1
3856,1
3857,5
3858,2
3859,6
3860,8
3861,1
3862,3
3863,8
3864,0
3865,1
3866,8
3867,9
3868,7
3869,5
3870,7
3871,7
3872,5
3873,0
3874,0
3875,0
3876,8
3877,8
3878,2
3879,3
3880,1
3881,6
3882,1
3883,5
3884,6
3885,2
3886,5
3887,0
3888,8
3889,9
3890,2
3891,1
3892,5
3893,0
3894,9
3895,8
3896,1
3897,8
3898,2
3899,2
3900,9
3901,7
3902,2
3903,4
3904,0
3905,2
3906,7
3907,8
3908,4
3909,8
3910,0
3911,5
3912,9
3913,4
3914,6
3915,1
3916,1
3917,0
3918,8
3919,8
3920,7
3921,8
3922,6
3923,0
3924,2
3925,3
3926,4
3927,9
3928,2
3929,0
3930,0
3931,1
3932,1
3933,5
3934,7
3935,9
3936,1
3937,4
3938,7
3939,8
3940,7
3941,4
3942,5
3943,2
3944,5
3945,5
3946,4
3947,3
3948,4
3949,0
3950,4
3951,8
3952,9
3953,1
3954,3
3955,4
3956,5
3957,7
3958,8
3959,8
3960,9
3961,7
3962,9
3963,7
3964,7
3965,8
3966,6
3967,0
3968,6
3969,6
3970,3
3971,0
3972,2
3973,4
3974,2
3975,8
3976,7
3977,8
3978,8
3979,5
3980,9
3981,4
3982,7
3983,1
3984,8
3985,1
3986,1
3987,2
3988,7
3989,3
3990,8
3991,2
3992,6
3993,5
3994,9
3995,0
3996,4
3997,1
3998,3
3999,2
4000,1
4001,6
4002,9
4003,1
4004,0
4005,3
4006,7
4007,8
4008,0
4009,7
4010,8
4011,1
4012,2
4013,7
4014,5
4015,7
4016,2
4017,0
4018,9
4019,5
4020,8
4021,4
4022,0
4023,9
4024,0
4025,3
4026,6
4027,0
4028,0
4029,5
4030,2
4031,3
4032,2
4033,8
4034,8
4035,0
4036,9
4037,9
4038,1
4039,6
4040,5
4041,2
4042,9
4043,3
4044,9
4045,8
4046,6
4047,3
4048,0
4049,1
4050,6
4051,8
4052,0
4053,6
4054,9
4055,7
4056,5
4057,3
4058,0
4059,5
4060,3
4061,5
4062,7
4063,7
4064,9
4065,3
4066,0
4067,9
4068,9
4069,1
4070,8
4071,8
4072,3
4073,5
4074,1
4075,0
4076,1
4077,6
4078,9
4079,3
4080,3
4081,7
4082,3
4083,9
4084,7
4085,3
4086,9
4087,2
4088,7
4089,4
4090,9
4091,6
4092,8
4093,9
4094,0
4095,1
4096,2
4097,1
4098,4
4099,8
4100,2
4101,9
4102,2
4103,3
4104,9
4105,8
4106,8
4107,2
4108,0
4109,9
4110,0
4111,5
4112,8
4113,3
4114,2
4115,1
4116,4
4117,8
4118,5
4119,8
4120,3
4121,3
4122,5
4123,2
4124,5
4125,4
4126,9
4127,5
4128,1
4129,1
4130,3
4131,6
4132,7
4133,1
4134,8
4135,8
4136,3
4137,4
4138,6
4139,9
4140,6
4141,2
4142,4
4143,2
4144,3
4145,8
4146,0
4147,8
4148,6
4149,1
4150,5
4151,6
4152,9
4153,1
4154,9
4155,3
4156,0
4157,6
4158,6
4159,9
4160,4
4161,5
4162,7
4163,7
4164,0
4165,7
4166,3
4167,1
4168,4
4169,4
4170,7
4171,9
4172,1
4173,6
4174,6
4175,0
4176,6
4177,1
4178,2
4179,6
4180,9
4181,2
4182,2
4183,3
4184,3
4185,8
4186,3
4187,3
4188,8
4189,4
4190,1
4191,5
4192,5
4193,1
4194,5
4195,9
4196,2
4197,6
4198,1
4199,9
4200,8
4201,5
4202,7
4203,5
4204,2
4205,0
4206,3
4207,9
4208,9
4209,4
4210,2
4211,0
4212,4
4213,2
4214,4
4215,9
4216,1
4217,1
4218,8
4219,9
4220,8
4221,3
4222,1
4223,3
4224,3
4225,9
4226,3
4227,1
4228,9
4229,9
4230,3
4231,4
4232,8
4233,1
4234,4
4235,7
4236,4
4237,6
4238,7
4239,3
4240,9
4241,0
4242,7
4243,5
4244,2
4245,7
4246,9
4247,3
4248,7
4249,1
4250,3
4251,0
4252,7
4253,9
4254,2
4255,8
4256,5
4257,3
4258,7
4259,8
4260,0
4261,5
4262,4
4263,3
4264,2
4265,9
4266,5
4267,2
4268,8
4269,1
4270,3
4271,1
4272,2
4273,7
4274,9
4275,3
4276,1
4277,7
4278,4
4279,4
4280,7
4281,5
4282,3
4283,1
4284,0
4285,7
4286,4
4287,6
4288,5
4289,2
4290,9
4291,3
4292,5
4293,4
4294,1
4295,4
4296,5
4297,0
4298,4
4299,5
4300,3
4301,2
4302,0
4303,9
4304,6
4305,3
4306,3
4307,0
4308,1
4309,5
4310,0
4311,9
4312,2
4313,0
4314,4
4315,1
4316,5
4317,8
4318,0
4319,3
4320,8
4321,4
4322,1
4323,0
4324,7
4325,5
4326,3
4327,2
4328,6
4329,2
4330,5
4331,6
4332,5
4333,7
4334,4
4335,4
4336,9
4337,9
4338,8
4339,1
4340,7
4341,8
4342,2
4343,1
4344,6
4345,3
4346,9
4347,4
4348,2
4349,9
4350,3
4351,1
4352,2
4353,5
4354,2
4355,1
4356,3
4357,4
4358,1
4359,0
4360,2
4361,1
4362,4
4363,7
4364,6
4365,1
4366,6
4367,7
4368,6
4369,9
4370,0
4371,6
4372,0
4373,4
4374,7
4375,9
4376,3
4377,0
4378,9
4379,8
4380,7
4381,3
4382,9
4383,6
4384,5
4385,2
4386,8
4387,6
4388,2
4389,1
4390,3
4391,2
4392,9
4393,4
4394,9
4395,9
4396,2
4397,7
4398,0
4399,1
4400,2
4401,0
4402,1
4403,0
4404,8
4405,8
4406,7
4407,2
4408,1
4409,2
4410,3
4411,3
4412,9
4413,1
4414,7
4415,3
4416,5
4417,9
4418,3
4419,7
4420,6
4421,3
4422,1
4423,3
4424,4
4425,3
4426,3
4427,8
4428,1
4429,1
4430,2
4431,2
4432,3
4433,7
4434,7
4435,3
4436,1
4437,9
4438,7
4439,1
4440,5
4441,8
4442,1
4443,9
4444,9
4445,2
4446,8
4447,4
4448,7
4449,9
4450,4
4451,8
4452,4
4453,4
4454,8
4455,1
4456,5
4457,9
4458,2
4459,4
4460,2
4461,7
4462,8
4463,8
4464,3
4465,7
4466,7
4467,9
4468,3
4469,3
4470,8
4471,2
4472,1
4473,1
4474,4
4475,9
4476,8
4477,8
4478,6
4479,1
4480,5
4481,6
4482,1
4483,6
4484,1
4485,5
4486,8
4487,2
4488,1
4489,1
4490,5
4491,5
4492,2
4493,8
4494,0
4495,1
4496,2
4497,4
4498,1
4499,1
4500,2
4501,7
4502,5
4503,1
4504,6
4505,6
4506,0
4507,2
4508,7
4509,5
4510,1
4511,6
4512,8
4513,8
4514,3
4515,9
4516,8
4517,4
4518,0
4519,3
4520,1
4521,4
4522,0
4523,1
4524,9
4525,4
4526,1
4527,2
4528,5
4529,0
4530,2
4531,8
4532,6
4533,6
4534,8
4535,4
4536,6
4537,1
4538,2
4539,8
4540,1
4541,3
4542,4
4543,7
4544,7
4545,6
4546,1
4547,7
4548,5
4549,7
4550,2
4551,8
4552,5
4553,5
4554,7
4555,0
4556,7
4557,8
4558,7
4559,6
4560,1
4561,4
4562,1
4563,1
4564,7
4565,3
4566,6
4567,0
4568,8
4569,0
4570,4
4571,0
4572,5
4573,9
4574,0
4575,7
4576,6
4577,6
4578,4
4579,6
4580,4
4581,2
4582,4
4583,3
4584,2
4585,6
4586,7
4587,5
4588,3
4589,2
4590,0
4591,7
4592,3
4593,2
4594,6
4595,2
4596,1
4597,6
4598,9
4599,0
4600,5
4601,5
4602,1
4603,1
4604,7
4605,2
4606,8
4607,4
4608,7
4609,7
4610,9
4611,0
4612,9
4613,9
4614,7
4615,3
4616,7
4617,4
4618,8
4619,1
4620,2
4621,4
4622,2
4623,8
4624,6
4625,4
4626,4
4627,4
4628,7
4629,3
4630,7
4631,9
4632,1
4633,5
4634,9
4635,6
4636,9
4637,9
4638,9
4639,9
4640,1
4641,4
4642,1
4643,7
4644,1
4645,1
4646,9
4647,3
4648,6
4649,7
4650,7
4651,0
4652,1
4653,3
4654,8
4655,8
4656,3
4657,9
4658,3
4659,6
4660,3
4661,3
4662,6
4663,0
4664,3
4665,4
4666,5
4667,7
4668,4
4669,5
4670,3
4671,2
4672,5
4673,5
4674,7
4675,7
4676,4
4677,2
4678,4
4679,1
4680,7
4681,3
4682,7
4683,6
4684,5
4685,6
4686,4
4687,0
4688,4
4689,1
4690,1
4691,7
4692,3
4693,7
4694,4
4695,7
4696,0
4697,8
4698,5
4699,0
4700,9
4701,3
4702,5
4703,6
4704,0
4705,0
4706,4
4707,6
4708,5
4709,7
4710,0
4711,3
4712,9
4713,6
4714,3
4715,2
4716,1
4717,8
4718,6
4719,2
4720,5
4721,4
4722,2
4723,9
4724,6
4725,0
4726,1
4727,6
4728,5
4729,1
4730,1
4731,7
4732,8
4733,3
4734,6
4735,9
4736,9
4737,6
4738,3
4739,8
4740,2
4741,0
4742,9
4743,1
4744,2
4745,5
4746,2
4747,7
4748,5
4749,2
4750,8
4751,2
4752,7
4753,9
4754,4
4755,6
4756,3
4757,1
4758,6
4759,0
4760,1
4761,5
4762,4
4763,5
4764,4
4765,4
4766,8
4767,3
4768,8
4769,9
4770,0
4771,6
4772,7
4773,2
4774,2
4775,1
4776,4
4777,6
4778,5
4779,6
4780,5
4781,6
4782,1
4783,5
4784,1
4785,8
4786,2
4787,4
4788,1
4789,7
4790,2
4791,9
4792,7
4793,6
4794,0
4795,8
4796,9
4797,3
4798,6
4799,6
4800,2
4801,9
4802,0
4803,0
4804,1
4805,1
4806,8
4807,5
4808,4
4809,5
4810,1
4811,9
4812,7
4813,9
4814,6
4815,4
4816,1
4817,7
4818,8
4819,1
4820,5
4821,3
4822,9
4823,2
4824,4
4825,0
4826,3
4827,0
4828,2
4829,2
4830,7
4831,6
4832,3
4833,1
4834,1
4835,8
4836,4
4837,9
4838,2
4839,1
4840,2
4841,0
4842,8
4843,7
4844,3
4845,6
4846,7
4847,2
4848,7
4849,2
4850,1
4851,2
4852,7
4853,4
4854,7
4855,8
4856,9
4857,3
4858,2
4859,2
4860,8
4861,2
4862,3
4863,7
4864,1
4865,5
4866,9
4867,1
4868,5
4869,9
4870,2
4871,4
4872,0
4873,6
4874,9
4875,1
4876,8
4877,6
4878,4
4879,2
4880,4
4881,6
4882,7
4883,3
4884,9
4885,4
4886,4
4887,5
4888,1
4889,2
4890,7
4891,5
4892,3
4893,8
4894,9
4895,6
4896,8
4897,4
4898,3
4899,7
4900,4
4901,1
4902,7
4903,7
4904,9
4905,9
4906,1
4907,8
4908,4
4909,5
4910,1
4911,5
4912,1
4913,9
4914,2
4915,8
4916,7
4917,3
4918,7
4919,5
4920,9
4921,7
4922,0
4923,7
4924,3
4925,0
4926,0
4927,7
4928,9
4929,9
4930,9
4931,1
4932,2
4933,8
4934,0
4935,1
4936,1
4937,9
4938,0
4939,8
4940,6
4941,6
4942,2
4943,5
4944,9
4945,7
4946,6
4947,4
4948,7
4949,3
4950,9
4951,7
4952,6
4953,2
4954,2
4955,9
4956,0
4957,0
4958,3
4959,6
4960,7
4961,2
4962,1
4963,3
4964,0
4965,5
4966,3
4967,7
4968,9
4969,7
4970,5
4971,7
4972,8
4973,5
4974,4
4975,9
4976,2
4977,0
4978,9
4979,0
4980,7
4981,2
4982,0
4983,0
4984,0
4985,8
4986,7
4987,1
4988,3
4989,5
4990,4
4991,3
4992,3
4993,9
4994,5
4995,9
4996,1
4997,5
4998,6
4999,2
5000,1
5001,6
5002,4
5003,5
5004,9
5005,5
5006,5
5007,0
5008,4
5009,4
5010,2
5011,1
5012,3
5013,1
5014,6
5015,6
5016,9
5017,9
5018,2
5019,4
5020,8
5021,2
5022,6
5023,0
5024,6
5025,4
5026,7
5027,9
5028,6
5029,3
5030,1
5031,4
5032,4
5033,8
5034,1
5035,9
5036,6
5037,0
5038,0
5039,5
5040,8
5041,0
5042,7
5043,1
5044,2
5045,6
5046,4
5047,1
5048,6
5049,2
5050,6
5051,2
5052,1
5053,0
5054,1
5055,8
5056,2
5057,3
5058,8
5059,6
5060,2
5061,6
5062,8
5063,5
5064,7
5065,0
5066,8
5067,0
5068,3
5069,5
5070,4
5071,4
5072,3
5073,1
5074,1
5075,4
5076,2
5077,9
5078,8
5079,5
5080,1
5081,9
5082,3
5083,2
5084,5
5085,9
5086,1
5087,7
5088,2
5089,2
5090,5
5091,6
5092,5
5093,0
5094,6
5095,7
5096,1
5097,5
5098,2
5099,7
5100,8
5101,5
5102,5
5103,6
5104,3
5105,0
5106,6
5107,0
5108,3
5109,8
5110,4
5111,4
5112,4
5113,4
5114,3
5115,7
5116,8
5117,4
5118,4
5119,0
5120,8
5121,3
5122,4
5123,5
5124,5
5125,8
5126,2
5127,1
5128,1
5129,9
5130,6
5131,0
5132,6
5133,3
5134,8
5135,8
5136,1
5137,3
5138,0
5139,1
5140,7
5141,5
5142,4
5143,8
5144,7
5145,2
5146,9
5147,4
5148,2
5149,5
5150,5
5151,4
5152,8
5153,5
5154,7
5155,3
5156,3
5157,7
5158,9
5159,0
5160,5
5161,0
5162,7
5163,3
5164,0
5165,7
5166,3
5167,4
5168,4
5169,5
5170,4
5171,9
5172,1
5173,4
5174,3
5175,1
5176,0
5177,2
5178,7
5179,0
5180,9
5181,1
5182,2
5183,9
5184,3
5185,6
5186,6
5187,9
5188,8
5189,9
5190,3
5191,2
5192,5
5193,0
5194,9
5195,8
5196,7
5197,1
5198,3
5199,7
5200,1
5201,1
5202,8
5203,7
5204,5
5205,5
5206,3
5207,2
5208,1
5209,1
5210,9
5211,5
5212,6
5213,0
5214,0
5215,1
5216,2
5217,3
5218,5
5219,4
5220,4
5221,7
5222,1
5223,0
5224,5
5225,6
5226,9
5227,9
5228,4
5229,1
5230,1
5231,1
5232,7
5233,8
5234,8
5235,9
5236,6
5237,7
5238,9
5239,6
5240,7
5241,0
5242,3
5243,9
5244,7
5245,0
5246,7
5247,9
5248,4
5249,5
5250,4
5251,3
5252,8
5253,6
5254,5
5255,4
5256,9
5257,2
5258,4
5259,3
5260,0
5261,3
5262,8
5263,9
5264,4
5265,0
5266,5
5267,4
5268,2
5269,1
5270,2
5271,4
5272,0
5273,2
5274,5
5275,7
5276,2
5277,4
5278,9
5279,7
5280,7
5281,5
5282,5
5283,0
5284,5
5285,2
5286,1
5287,9
5288,6
5289,4
5290,8
5291,4
5292,1
5293,1
5294,5
5295,2
5296,4
5297,1
5298,8
5299,7
5300,4
5301,9
5302,0
5303,1
5304,1
5305,8
5306,2
5307,5
5308,6
5309,4
5310,7
5311,5
5312,7
5313,1
5314,1
5315,9
5316,5
5317,7
5318,8
5319,1
5320,4
5321,0
5322,7
5323,8
5324,9
5325,9
5326,0
5327,8
5328,4
5329,8
5330,1
5331,8
5332,5
5333,7
5334,0
5335,7
5336,0
5337,5
5338,8
5339,9
5340,2
5341,6
5342,6
5343,3
5344,3
5345,1
5346,9
5347,0
5348,8
5349,7
5350,7
5351,6
5352,1
5353,6
5354,2
5355,8
5356,6
5357,8
5358,1
5359,5
5360,3
5361,8
5362,7
5363,7
5364,6
5365,5
5366,3
5367,4
5368,4
5369,2
5370,2
5371,0
5372,3
5373,2
5374,1
5375,0
5376,6
5377,2
5378,4
5379,7
5380,0
5381,4
5382,7
5383,4
5384,9
5385,2
5386,3
5387,8
5388,9
5389,3
5390,6
5391,4
5392,3
5393,2
5394,4
5395,1
5396,5
5397,3
5398,5
5399,4
5400,4
5401,1
5402,2
5403,4
5404,1
5405,6
5406,8
5407,4
5408,3
5409,4
5410,8
5411,1
5412,1
5413,1
5414,5
5415,8
5416,3
5417,6
5418,1
5419,4
5420,9
5421,2
5422,8
5423,5
5424,4
5425,5
5426,5
5427,9
5428,1
5429,2
5430,1
5431,8
5432,4
5433,8
5434,4
5435,2
5436,0
5437,3
5438,3
5439,0
5440,2
5441,5
5442,0
5443,4
5444,2
5445,9
5446,7
5447,8
5448,9
5449,2
5450,5
5451,5
5452,7
5453,9
5454,6
5455,5
5456,1
5457,4
5458,0
5459,8
5460,5
5461,6
5462,1
5463,7
5464,3
5465,0
5466,1
5467,4
5468,9
5469,2
5470,9
5471,1
5472,8
5473,4
5474,4
5475,7
5476,2
5477,8
5478,4
5479,7
5480,5
5481,7
5482,5
5483,6
5484,3
5485,1
5486,3
5487,7
5488,5
5489,2
5490,1
5491,7
5492,2
5493,0
5494,3
5495,4
5496,8
5497,4
5498,5
5499,5
5500,1
5501,4
5502,4
5503,3
5504,5
5505,4
5506,7
5507,5
5508,8
5509,4
5510,6
5511,7
5512,4
5513,3
5514,6
5515,7
5516,7
5517,6
5518,7
5519,4
5520,8
5521,3
5522,1
5523,0
5524,9
5525,3
5526,9
5527,4
5528,5
5529,8
5530,8
5531,2
5532,7
5533,2
5534,6
5535,0
5536,2
5537,7
5538,6
5539,4
5540,1
5541,9
5542,1
5543,7
5544,1
5545,6
5546,7
5547,2
5548,4
5549,4
5550,1
5551,9
5552,4
5553,8
5554,3
5555,7
5556,1
5557,7
5558,3
5559,1
5560,5
5561,7
5562,3
5563,3
5564,4
5565,4
5566,9
5567,1
5568,1
5569,2
5570,7
5571,8
5572,3
5573,8
5574,5
5575,3
5576,3
5577,6
5578,8
5579,7
5580,6
5581,6
5582,9
5583,5
5584,2
5585,4
5586,6
5587,4
5588,3
5589,3
5590,5
5591,9
5592,7
5593,3
5594,8
5595,0
5596,2
5597,5
5598,5
5599,0
5600,3
5601,2
5602,8
5603,5
5604,4
5605,0
5606,2
5607,2
5608,6
5609,8
5610,8
5611,6
5612,7
5613,1
5614,0
5615,3
5616,2
5617,9
5618,0
5619,5
5620,0
5621,8
5622,0
5623,8
5624,0
5625,7
5626,2
5627,9
5628,3
5629,7
5630,1
5631,3
5632,5
5633,0
5634,5
5635,0
5636,8
5637,8
5638,1
5639,3
5640,6
5641,6
5642,3
5643,7
5644,9
5645,4
5646,9
5647,1
5648,4
5649,1
5650,1
5651,5
5652,2
5653,4
5654,3
5655,0
5656,4
5657,5
5658,7
5659,7
5660,8
5661,6
5662,6
5663,8
5664,3
5665,3
5666,8
5667,0
5668,8
5669,8
5670,5
5671,3
5672,3
5673,9
5674,2
5675,4
5676,5
5677,7
5678,4
5679,5
5680,3
5681,8
5682,2
5683,9
5684,8
5685,3
5686,4
5687,7
5688,4
5689,1
5690,3
5691,3
5692,1
5693,3
5694,3
5695,1
5696,2
5697,5
5698,7
5699,3
5700,6
5701,7
5702,5
5703,5
5704,9
5705,0
5706,5
5707,7
5708,9
5709,6
5710,2
5711,6
5712,2
5713,7
5714,2
5715,0
5716,7
5717,3
5718,6
5719,0
5720,5
5721,2
5722,1
5723,5
5724,3
5725,6
5726,8
5727,2
5728,7
5729,1
5730,5
5731,4
5732,3
5733,1
5734,4
5735,0
5736,8
5737,6
5738,8
5739,7
5740,1
5741,4
5742,3
5743,9
5744,8
5745,9
5746,6
5747,0
5748,9
5749,4
5750,3
5751,6
5752,1
5753,8
5754,6
5755,8
5756,4
5757,5
5758,0
5759,1
5760,5
5761,0
5762,1
5763,0
5764,0
5765,2
5766,2
5767,2
5768,8
5769,5
5770,9
5771,9
5772,6
5773,9
5774,4
5775,8
5776,3
5777,1
5778,7
5779,0
5780,3
5781,4
5782,9
5783,5
5784,5
5785,4
5786,3
5787,0
5788,6
5789,4
5790,2
5791,2
5792,9
5793,9
5794,5
5795,1
5796,1
5797,7
5798,6
5799,7
5800,1
5801,2
5802,3
5803,5
5804,5
5805,7
5806,1
5807,2
5808,8
5809,1
5810,8
5811,1
5812,1
5813,3
5814,6
5815,5
5816,5
5817,9
5818,8
5819,4
5820,8
5821,1
5822,4
5823,6
5824,3
5825,8
5826,2
5827,3
5828,3
5829,9
5830,3
5831,5
5832,5
5833,6
5834,5
5835,2
5836,8
5837,8
5838,3
5839,2
5840,1
5841,5
5842,8
5843,1
5844,5
5845,1
5846,2
5847,6
5848,3
5849,9
5850,6
5851,9
5852,2
5853,7
5854,8
5855,1
5856,2
5857,2
5858,8
5859,3
5860,2
5861,9
5862,1
5863,0
5864,0
5865,1
5866,2
5867,6
5868,2
5869,4
5870,9
5871,6
5872,8
5873,2
5874,7
5875,7
5876,6
5877,0
5878,0
5879,4
5880,9
5881,4
5882,1
5883,0
5884,7
5885,1
5886,4
5887,2
5888,0
5889,0
5890,8
5891,3
5892,4
5893,8
5894,4
5895,9
5896,7
5897,7
5898,7
5899,3
5900,0
5901,9
5902,8
5903,0
5904,1
5905,1
5906,4
5907,3
5908,7
5909,7
5910,2
5911,9
5912,6
5913,4
5914,2
5915,0
5916,6
5917,5
5918,0
5919,6
5920,3
5921,9
5922,9
5923,7
5924,3
5925,4
5926,6
5927,8
5928,1
5929,4
5930,9
5931,9
5932,3
5933,9
5934,6
5935,8
5936,2
5937,3
5938,3
5939,2
5940,7
5941,3
5942,3
5943,3
5944,6
5945,1
5946,5
5947,2
5948,7
5949,4
5950,9
5951,6
5952,0
5953,3
5954,7
5955,1
5956,1
5957,3
5958,0
5959,6
5960,3
5961,1
5962,7
5963,7
5964,5
5965,6
5966,1
5967,0
5968,4
5969,3
5970,0
5971,2
5972,2
5973,2
5974,5
5975,9
5976,7
5977,6
5978,3
5979,8
5980,5
5981,6
5982,1
5983,9
5984,5
5985,3
5986,1
5987,8
5988,5
5989,4
5990,5
5991,3
5992,5
5993,0
5994,9
5995,7
5996,4
5997,6
5998,9
5999,1
6000,8
6001,0
6002,9
6003,3
6004,1
6005,7
6006,4
6007,7
6008,9
6009,6
6010,8
6011,4
6012,1
6013,0
6014,1
6015,5
6016,5
6017,0
6018,8
6019,4
6020,1
6021,7
6022,2
6023,6
6024,6
6025,9
6026,3
6027,5
6028,8
6029,7
6030,2
6031,4
6032,7
6033,8
6034,8
6035,5
6036,3
6037,4
6038,6
6039,2
6040,2
6041,9
6042,2
6043,0
6044,5
6045,5
6046,0
6047,7
6048,0
6049,9
6050,0
6051,7
6052,6
6053,7
6054,6
6055,3
6056,5
6057,8
6058,5
6059,6
6060,5
6061,8
6062,8
6063,1
6064,1
6065,1
6066,3
6067,9
6068,5
6069,5
6070,8
6071,5
6072,5
6073,4
6074,8
6075,4
6076,4
6077,9
6078,1
6079,8
6080,9
6081,0
6082,2
6083,4
6084,9
6085,1
6086,3
6087,6
6088,5
6089,7
6090,7
6091,5
6092,9
6093,7
6094,9
6095,4
6096,7
6097,7
6098,3
6099,6
6100,6
6101,9
6102,9
6103,0
6104,0
6105,3
6106,6
6107,8
6108,0
6109,0
6110,0
6111,1
6112,9
6113,3
6114,4
6115,4
6116,4
6117,4
6118,5
6119,6
6120,7
6121,0
6122,9
6123,5
6124,2
6125,9
6126,3
6127,8
6128,0
6129,2
6130,9
6131,2
6132,9
6133,2
6134,7
6135,8
6136,2
6137,3
6138,1
6139,1
6140,0
6141,9
6142,3
6143,6
6144,9
6145,9
6146,0
6147,5
6148,8
6149,6
6150,7
6151,3
6152,5
6153,2
6154,3
6155,1
6156,3
6157,6
6158,8
6159,6
6160,9
6161,7
6162,9
6163,1
6164,1
6165,4
6166,0
6167,8
6168,2
6169,5
6170,2
6171,3
6172,2
6173,6
6174,3
6175,3
6176,9
6177,2
6178,4
6179,9
6180,7
6181,9
6182,4
6183,3
6184,6
6185,7
6186,1
6187,0
6188,8
6189,9
6190,6
6191,3
6192,2
6193,1
6194,1
6195,4
6196,8
6197,0
6198,5
6199,4
6200,9
6201,6
6202,1
6203,2
6204,2
6205,8
6206,9
6207,2
6208,5
6209,2
6210,8
6211,9
6212,0
6213,0
6214,0
6215,2
6216,9
6217,0
6218,0
6219,3
6220,3
6221,2
6222,1
6223,6
6224,3
6225,6
6226,2
6227,8
6228,6
6229,4
6230,0
6231,8
6232,8
6233,6
6234,0
6235,9
6236,4
6237,9
6238,1
6239,9
6240,4
6241,7
6242,1
6243,8
6244,3
6245,9
6246,6
6247,4
6248,6
6249,1
6250,6
6251,8
6252,9
6253,8
6254,5
6255,1
6256,3
6257,8
6258,0
6259,8
6260,4
6261,8
6262,7
6263,1
6264,2
6265,0
6266,6
6267,0
6268,2
6269,3
6270,1
6271,8
6272,8
6273,5
6274,4
6275,1
6276,3
6277,3
6278,2
6279,1
6280,6
6281,6
6282,0
6283,6
6284,1
6285,9
6286,6
6287,6
6288,7
6289,1
6290,3
6291,0
6292,4
6293,7
6294,4
6295,9
6296,4
6297,0
6298,3
6299,6
6300,9
6301,1
6302,7
6303,6
6304,1
6305,2
6306,7
6307,2
6308,8
6309,5
6310,1
6311,5
6312,2
6313,6
6314,7
6315,8
6316,1
6317,4
6318,8
6319,1
6320,1
6321,5
6322,6
6323,5
6324,1
6325,1
6326,4
6327,9
6328,2
6329,2
6330,2
6331,6
6332,9
6333,1
6334,9
6335,6
6336,2
6337,6
6338,0
6339,1
6340,1
6341,7
6342,2
6343,3
6344,8
6345,3
6346,2
6347,6
6348,4
6349,3
6350,9
6351,5
6352,2
6353,9
6354,1
6355,3
6356,1
6357,4
6358,6
6359,6
6360,1
6361,4
6362,0
6363,1
6364,7
6365,1
6366,8
6367,0
6368,5
6369,5
6370,3
6371,4
6372,8
6373,8
6374,3
6375,5
6376,2
6377,1
6378,6
6379,1
6380,6
6381,6
6382,8
6383,7
6384,9
6385,1
6386,9
6387,3
6388,1
6389,4
6390,6
6391,2
6392,1
6393,4
6394,8
6395,8
6396,5
6397,3
6398,8
6399,1
6400,5
6401,2
6402,5
6403,8
6404,8
6405,0
6406,9
6407,6
6408,7
6409,3
6410,0
6411,1
6412,8
6413,0
6414,0
6415,3
6416,2
6417,6
6418,8
6419,8
6420,1
6421,1
6422,9
6423,5
6424,7
6425,1
6426,0
6427,1
6428,4
6429,6
6430,9
6431,9
6432,3
6433,8
6434,3
6435,7
6436,1
6437,8
6438,0
6439,1
6440,5
6441,9
6442,0
6443,4
6444,6
6445,9
6446,0
6447,3
6448,1
6449,0
6450,3
6451,4
6452,5
6453,2
6454,5
6455,3
6456,3
6457,0
6458,6
6459,2
6460,1
6461,0
6462,7
6463,0
6464,8
6465,4
6466,0
6467,9
6468,8
6469,6
6470,3
6471,8
6472,2
6473,5
6474,1
6475,1
6476,3
6477,5
6478,8
6479,9
6480,0
6481,6
6482,5
6483,6
6484,3
6485,0
6486,9
6487,6
6488,6
6489,0
6490,8
6491,2
6492,0
6493,9
6494,3
6495,5
6496,6
6497,6
6498,2
6499,7
6500,2
6501,0
6502,6
6503,2
6504,0
6505,0
6506,6
6507,6
6508,2
6509,4
6510,3
6511,4
6512,2
6513,4
6514,0
6515,2
6516,0
6517,1
6518,2
6519,2
6520,2
6521,1
6522,4
6523,2
6524,6
6525,4
6526,8
6527,3
6528,4
6529,6
6530,9
6531,0
6532,7
6533,3
6534,3
6535,2
6536,1
6537,4
6538,1
6539,5
6540,7
6541,0
6542,2
6543,4
6544,0
6545,6
6546,6
6547,3
6548,9
6549,9
6550,7
6551,6
6552,6
6553,5
6554,2
6555,3
6556,7
6557,7
6558,1
6559,3
6560,8
6561,7
6562,0
6563,7
6564,7
6565,0
6566,9
6567,6
6568,8
6569,0
6570,2
6571,3
6572,2
6573,4
6574,0
6575,2
6576,8
6577,0
6578,7
6579,6
6580,7
6581,5
6582,5
6583,1
6584,8
6585,3
6586,8
6587,6
6588,8
6589,9
6590,1
6591,7
6592,6
6593,1
6594,3
6595,3
6596,1
6597,5
6598,7
6599,2
6600,5
6601,2
6602,2
6603,7
6604,2
6605,8
6606,5
6607,3
6608,7
6609,2
6610,1
6611,3
6612,7
6613,0
6614,4
6615,1
6616,8
6617,6
6618,4
6619,4
6620,1
6621,8
6622,3
6623,6
6624,3
6625,5
6626,4
6627,1
6628,3
6629,0
6630,4
6631,7
6632,0
6633,3
6634,1
6635,8
6636,7
6637,2
6638,7
6639,0
6640,7
6641,7
6642,5
6643,2
6644,6
6645,3
6646,4
6647,9
6648,2
6649,0
6650,9
6651,9
6652,5
6653,0
6654,0
6655,3
6656,7
6657,6
6658,2
6659,5
6660,3
6661,1
6662,5
6663,7
6664,1
6665,1
6666,9
6667,7
6668,3
6669,1
6670,3
6671,4
6672,5
6673,3
6674,3
6675,5
6676,0
6677,3
6678,5
6679,6
6680,0
6681,0
6682,6
6683,1
6684,2
6685,6
6686,7
6687,8
6688,2
6689,2
6690,6
6691,1
6692,9
6693,9
6694,4
6695,8
6696,3
6697,0
6698,7
6699,2
6700,2
6701,3
6702,7
6703,0
6704,5
6705,3
6706,1
6707,6
6708,0
6709,5
6710,8
6711,7
6712,0
6713,8
6714,1
6715,1
6716,6
6717,4
6718,8
6719,4
6720,8
6721,1
6722,6
6723,1
6724,7
6725,9
6726,9
6727,1
6728,3
6729,8
6730,7
6731,5
6732,6
6733,3
6734,6
6735,0
6736,4
6737,0
6738,1
6739,7
6740,1
6741,7
6742,5
6743,2
6744,4
6745,3
6746,7
6747,3
6748,2
6749,9
6750,7
6751,0
6752,8
6753,3
6754,0
6755,6
6756,6
6757,0
6758,0
6759,8
6760,4
6761,7
6762,7
6763,3
6764,3
6765,9
6766,3
6767,5
6768,8
6769,7
6770,8
6771,2
6772,2
6773,8
6774,6
6775,6
6776,8
6777,6
6778,4
6779,1
6780,9
6781,6
6782,9
6783,7
6784,7
6785,3
6786,3
6787,0
6788,4
6789,2
6790,7
6791,7
6792,8
6793,6
6794,3
6795,2
6796,0
6797,1
6798,5
6799,3
6800,1
6801,6
6802,8
6803,9
6804,4
6805,0
6806,3
6807,8
6808,4
6809,8
6810,2
6811,8
6812,4
6813,2
6814,3
6815,4
6816,1
6817,8
6818,5
6819,4
6820,6
6821,9
6822,9
6823,9
6824,2
6825,3
6826,4
6827,3
6828,1
6829,9
6830,4
6831,3
6832,2
6833,3
6834,0
6835,3
6836,2
6837,6
6838,3
6839,5
6840,7
6841,4
6842,6
6843,2
6844,2
6845,0
6846,4
6847,1
6848,5
6849,7
6850,8
6851,3
6852,7
6853,0
6854,8
6855,6
6856,6
6857,3
6858,8
6859,6
6860,9
6861,6
6862,9
6863,0
6864,8
6865,9
6866,1
6867,4
6868,2
6869,8
6870,6
6871,2
6872,7
6873,1
6874,1
6875,1
6876,2
6877,8
6878,0
6879,2
6880,0
6881,3
6882,9
6883,2
6884,8
6885,8
6886,3
6887,3
6888,7
6889,3
6890,3
6891,6
6892,1
6893,0
6894,0
6895,0
6896,4
6897,8
6898,9
6899,6
6900,8
6901,2
6902,9
6903,6
6904,7
6905,2
6906,0
6907,2
6908,8
6909,6
6910,8
6911,9
6912,0
6913,2
6914,4
6915,4
6916,4
6917,8
6918,9
6919,7
6920,9
6921,0
6922,8
6923,9
6924,3
6925,6
6926,7
6927,8
6928,3
6929,4
6930,1
6931,0
6932,9
6933,4
6934,4
6935,4
6936,1
6937,3
6938,4
6939,7
6940,3
6941,3
6942,2
6943,0
6944,0
6945,5
6946,6
6947,2
6948,4
6949,7
6950,3
6951,1
6952,9
6953,7
6954,5
6955,3
6956,1
6957,5
6958,7
6959,7
6960,5
6961,5
6962,5
6963,7
6964,3
6965,9
6966,6
6967,0
6968,8
6969,5
6970,7
6971,7
6972,4
6973,1
6974,3
6975,8
6976,0
6977,0
6978,0
6979,9
6980,9
6981,7
6982,2
6983,2
6984,0
6985,6
6986,9
6987,5
6988,9
6989,8
6990,6
6991,1
6992,0
6993,6
6994,5
6995,6
6996,6
6997,4
6998,2
6999,0
7000,7
7001,5
7002,3
7003,6
7004,1
7005,6
7006,9
7007,0
7008,3
7009,0
7010,5
7011,9
7012,9
7013,3
7014,3
7015,9
7016,8
7017,9
7018,5
7019,4
7020,7
7021,1
7022,8
7023,9
7024,1
7025,1
7026,6
7027,8
7028,5
7029,9
7030,2
7031,9
7032,7
7033,1
7034,3
7035,2
7036,5
7037,7
7038,3
7039,8
7040,1
7041,3
7042,3
7043,6
7044,5
7045,8
7046,5
7047,6
7048,2
7049,8
7050,4
7051,3
7052,6
7053,7
7054,5
7055,7
7056,9
7057,1
7058,7
7059,8
7060,9
7061,7
7062,0
7063,0
7064,1
7065,3
7066,2
7067,2
7068,3
7069,8
7070,9
7071,0
7072,2
7073,2
7074,9
7075,9
7076,6
7077,5
7078,7
7079,0
7080,0
7081,2
7082,2
7083,7
7084,6
7085,7
7086,0
7087,3
7088,6
7089,7
7090,2
7091,9
7092,4
7093,8
7094,0
7095,5
7096,2
7097,1
7098,2
7099,4
7100,2
7101,6
7102,8
7103,5
7104,7
7105,0
7106,6
7107,8
7108,2
7109,3
7110,5
7111,6
7112,0
7113,4
7114,5
7115,0
7116,3
7117,0
7118,9
7119,8
7120,8
7121,3
7122,8
7123,2
7124,9
7125,6
7126,1
7127,3
7128,1
7129,1
7130,7
7131,4
7132,3
7133,9
7134,7
7135,2
7136,2
7137,0
7138,6
7139,3
7140,6
7141,1
7142,8
7143,7
7144,1
7145,1
7146,0
7147,3
7148,4
7149,4
7150,4
7151,1
7152,3
7153,4
7154,7
7155,9
7156,3
7157,0
7158,7
7159,9
7160,5
7161,7
7162,8
7163,0
7164,4
7165,3
7166,1
7167,2
7168,0
7169,9
7170,8
7171,3
7172,6
7173,8
7174,2
7175,2
7176,3
7177,1
7178,1
7179,8
7180,1
7181,3
7182,6
7183,8
7184,9
7185,7
7186,1
7187,3
7188,4
7189,1
7190,6
7191,7
7192,8
7193,3
7194,0
7195,5
7196,6
7197,6
7198,1
7199,7
7200,8
7201,5
7202,6
7203,5
7204,4
7205,4
7206,9
7207,7
7208,7
7209,9
7210,5
7211,5
7212,6
7213,8
7214,4
7215,1
7216,3
7217,8
7218,9
7219,3
7220,2
7221,4
7222,1
7223,8
7224,1
7225,8
7226,1
7227,5
7228,4
7229,9
7230,4
7231,0
7232,2
7233,0
7234,8
7235,6
7236,9
7237,8
7238,6
7239,6
7240,2
7241,8
7242,8
7243,8
7244,6
7245,0
7246,0
7247,1
7248,2
7249,2
7250,2
7251,1
7252,3
7253,0
7254,3
7255,7
7256,7
7257,6
7258,9
7259,9
7260,0
7261,1
7262,0
7263,0
7264,2
7265,3
7266,7
7267,4
7268,5
7269,2
7270,1
7271,5
7272,0
7273,1
7274,8
7275,8
7276,2
7277,3
7278,5
7279,6
7280,6
7281,4
7282,6
7283,4
7284,1
7285,5
7286,6
7287,7
7288,2
7289,8
7290,1
7291,2
7292,8
7293,7
7294,0
7295,5
7296,3
7297,1
7298,1
7299,0
7300,8
7301,8
7302,1
7303,3
7304,1
7305,7
7306,2
7307,2
7308,9
7309,8
7310,2
7311,4
7312,9
7313,8
7314,5
7315,3
7316,9
7317,1
7318,9
7319,5
7320,3
7321,1
7322,2
7323,4
7324,8
7325,8
7326,4
7327,0
7328,6
7329,8
7330,1
7331,8
7332,1
7333,8
7334,9
7335,9
7336,5
7337,2
7338,3
7339,8
7340,7
7341,1
7342,2
7343,3
7344,9
7345,0
7346,7
7347,8
7348,8
7349,8
7350,8
7351,8
7352,0
7353,4
7354,7
7355,9
7356,1
7357,8
7358,2
7359,1
7360,8
7361,6
7362,2
7363,0
7364,9
7365,1
7366,3
7367,9
7368,6
7369,6
7370,0
7371,4
7372,6
7373,9
7374,5
7375,2
7376,1
7377,0
7378,7
7379,5
7380,4
7381,2
7382,1
7383,3
7384,9
7385,4
7386,0
7387,1
7388,0
7389,1
7390,6
7391,5
7392,7
7393,0
7394,8
7395,0
7396,8
7397,6
7398,6
7399,6
7400,3
7401,3
7402,8
7403,1
7404,0
7405,6
7406,1
7407,3
7408,6
7409,4
7410,1
7411,2
7412,9
7413,3
7414,6
7415,1
7416,0
7417,3
7418,5
7419,2
7420,3
7421,1
7422,4
7423,0
7424,2
7425,6
7426,1
7427,9
7428,4
7429,9
7430,1
7431,6
7432,7
7433,1
7434,3
7435,8
7436,3
7437,9
7438,0
7439,7
7440,9
7441,6
7442,0
7443,0
7444,8
7445,9
7446,4
7447,1
7448,4
7449,6
7450,6
7451,2
7452,2
7453,2
7454,8
7455,5
7456,9
7457,3
7458,3
7459,0
7460,3
7461,5
7462,6
7463,0
7464,1
7465,8
7466,3
7467,7
7468,4
7469,6
7470,7
7471,1
7472,4
7473,2
7474,7
7475,4
7476,2
7477,6
7478,2
7479,3
7480,0
7481,4
7482,7
7483,2
7484,5
7485,9
7486,2
7487,1
7488,3
7489,7
7490,8
7491,0
7492,0
7493,8
7494,6
7495,3
7496,8
7497,8
7498,8
7499,2
7500,6
7501,1
7502,8
7503,2
7504,3
7505,1
7506,1
7507,9
7508,4
7509,2
7510,6
7511,2
7512,7
7513,9
7514,1
7515,6
7516,9
7517,0
7518,4
7519,9
7520,1
7521,8
7522,5
7523,4
7524,0
7525,3
7526,5
7527,1
7528,6
7529,0
7530,5
7531,0
7532,5
7533,6
7534,3
7535,3
7536,2
7537,7
7538,2
7539,8
7540,6
7541,9
7542,5
7543,0
7544,3
7545,4
7546,7
7547,6
7548,3
7549,8
7550,6
7551,7
7552,2
7553,0
7554,3
7555,7
7556,3
7557,0
7558,2
7559,5
7560,5
7561,9
7562,5
7563,8
7564,5
7565,8
7566,8
7567,8
7568,0
7569,0
7570,4
7571,0
7572,7
7573,9
7574,3
7575,4
7576,5
7577,8
7578,1
7579,0
7580,3
7581,2
7582,2
7583,1
7584,9
7585,9
7586,3
7587,8
7588,4
7589,6
7590,9
7591,4
7592,2
7593,3
7594,7
7595,9
7596,9
7597,8
7598,4
7599,5
7600,2
7601,3
7602,1
7603,2
7604,1
7605,0
7606,6
7607,5
7608,0
7609,8
7610,4
7611,5
7612,2
7613,3
7614,6
7615,6
7616,6
7617,1
7618,5
7619,1
7620,3
7621,3
7622,5
7623,6
7624,2
7625,0
7626,8
7627,7
7628,5
7629,3
7630,2
7631,9
7632,6
7633,7
7634,3
7635,0
7636,4
7637,1
7638,4
7639,6
7640,1
7641,0
7642,9
7643,9
7644,1
7645,6
7646,8
7647,2
7648,1
7649,9
7650,6
7651,7
7652,1
7653,9
7654,7
7655,5
7656,3
7657,3
7658,8
7659,9
7660,8
7661,4
7662,6
7663,2
7664,0
7665,7
7666,3
7667,4
7668,8
7669,7
7670,7
7671,3
7672,8
7673,4
7674,2
7675,4
7676,7
7677,1
7678,2
7679,6
7680,9
7681,2
7682,3
7683,4
7684,0
7685,8
7686,0
7687,7
7688,9
7689,4
7690,1
7691,1
7692,3
7693,8
7694,7
7695,2
7696,4
7697,7
7698,1
7699,3
7700,2
7701,2
7702,6
7703,9
7704,6
7705,2
7706,3
7707,5
7708,6
7709,1
7710,7
7711,5
7712,8
7713,2
7714,3
7715,4
7716,1
7717,4
7718,3
7719,8
7720,8
7721,9
7722,1
7723,4
7724,2
7725,4
7726,5
7727,6
7728,1
7729,7
7730,7
7731,2
7732,6
7733,2
7734,8
7735,6
7736,6
7737,6
7738,3
7739,3
7740,3
7741,9
7742,8
7743,4
7744,7
7745,4
7746,2
7747,6
7748,1
7749,8
7750,5
7751,3
7752,4
7753,1
7754,0
7755,5
7756,2
7757,0
7758,9
7759,4
7760,9
7761,8
7762,0
7763,2
7764,7
7765,7
7766,8
7767,6
7768,2
7769,3
7770,6
7771,1
7772,8
7773,5
7774,6
7775,7
7776,0
7777,7
7778,2
7779,3
7780,7
7781,7
7782,5
7783,9
7784,1
7785,6
7786,2
7787,2
7788,8
7789,1
7790,7
7791,9
7792,8
7793,3
7794,9
7795,3
7796,6
7797,1
7798,1
7799,5
7800,2
7801,9
7802,8
7803,4
7804,8
7805,7
7806,9
7807,7
7808,2
7809,0
7810,0
7811,4
7812,7
7813,6
7814,7
7815,0
7816,0
7817,6
7818,7
7819,6
7820,6
7821,6
7822,6
7823,2
7824,0
7825,3
7826,7
7827,6
7828,9
7829,9
7830,9
7831,1
7832,9
7833,7
7834,0
7835,5
7836,8
7837,0
7838,0
7839,1
7840,5
7841,2
7842,9
7843,9
7844,7
7845,4
7846,6
7847,7
7848,7
7849,8
7850,0
7851,0
7852,6
7853,5
7854,5
7855,6
7856,1
7857,1
7858,8
7859,7
7860,5
7861,5
7862,8
7863,8
7864,5
7865,7
7866,8
7867,5
7868,6
7869,7
7870,6
7871,7
7872,2
7873,3
7874,2
7875,1
7876,6
7877,7
7878,5
7879,1
7880,6
7881,4
7882,2
7883,3
7884,7
7885,5
7886,4
7887,4
7888,1
7889,8
7890,0
7891,4
7892,9
7893,8
7894,8
7895,1
7896,7
7897,2
7898,6
7899,4
7900,8
7901,8
7902,7
7903,0
7904,1
7905,7
7906,7
7907,3
7908,9
7909,6
7910,0
7911,8
7912,9
7913,0
7914,6
7915,3
7916,1
7917,9
7918,2
7919,2
7920,3
7921,7
7922,2
7923,4
7924,4
7925,7
7926,0
7927,4
7928,6
7929,0
7930,4
7931,5
7932,7
7933,3
7934,2
7935,5
7936,3
7937,1
7938,5
7939,7
7940,1
7941,3
7942,9
7943,5
7944,0
7945,9
7946,2
7947,6
7948,3
7949,9
7950,2
7951,4
7952,2
7953,9
7954,2
7955,4
7956,6
7957,4
7958,4
7959,1
7960,5
7961,7
7962,9
7963,7
7964,4
7965,7
7966,5
7967,7
7968,3
7969,2
7970,7
7971,5
7972,7
7973,7
7974,7
7975,3
7976,3
7977,7
7978,0
7979,5
7980,8
7981,7
7982,6
7983,9
7984,4
7985,8
7986,4
7987,6
7988,8
7989,0
7990,1
7991,7
7992,6
7993,3
7994,1
7995,9
7996,1
7997,7
7998,5
7999,1
8000,6
8001,7
8002,6
8003,9
8004,9
8005,0
8006,6
8007,4
8008,6
8009,4
8010,6
8011,0
8012,6
8013,8
8014,2
8015,8
8016,8
8017,6
8018,4
8019,9
8020,9
8021,8
8022,6
8023,2
8024,2
8025,5
8026,0
8027,3
8028,6
8029,0
8030,1
8031,8
8032,2
8033,8
8034,4
8035,6
8036,4
8037,7
8038,5
8039,3
8040,5
8041,6
8042,3
8043,2
8044,6
8045,6
8046,9
8047,0
8048,2
8049,5
8050,6
8051,0
8052,7
8053,8
8054,2
8055,3
8056,7
8057,3
8058,6
8059,8
8060,4
8061,0
8062,1
8063,9
8064,9
8065,4
8066,1
8067,0
8068,8
8069,1
8070,1
8071,8
8072,9
8073,9
8074,1
8075,7
8076,9
8077,3
8078,4
8079,0
8080,8
8081,7
8082,3
8083,8
8084,3
8085,8
8086,5
8087,9
8088,0
8089,4
8090,9
8091,2
8092,5
8093,3
8094,3
8095,6
8096,4
8097,1
8098,7
8099,9
8100,3
8101,7
8102,5
8103,5
8104,2
8105,7
8106,9
8107,2
8108,2
8109,5
8110,1
8111,1
8112,4
8113,5
8114,3
8115,8
8116,7
8117,1
8118,5
8119,1
8120,0
8121,2
8122,0
8123,6
8124,4
8125,3
8126,6
8127,3
8128,2
8129,6
8130,2
8131,5
8132,0
8133,0
8134,0
8135,3
8136,4
8137,5
8138,7
8139,3
8140,1
8141,7
8142,1
8143,6
8144,6
8145,3
8146,6
8147,8
8148,9
8149,2
8150,3
8151,0
8152,7
8153,2
8154,4
8155,2
8156,2
8157,5
8158,8
8159,0
8160,2
8161,6
8162,5
8163,9
8164,3
8165,1
8166,5
8167,3
8168,0
8169,6
8170,8
8171,6
8172,6
8173,1
8174,4
8175,2
8176,0
8177,6
8178,3
8179,2
8180,9
8181,9
8182,3
8183,9
8184,3
8185,1
8186,8
8187,1
8188,7
8189,4
8190,9
8191,1
8192,3
8193,0
8194,0
8195,2
8196,1
8197,4
8198,0
8199,5
8200,6
8201,1
8202,5
8203,6
8204,0
8205,0
8206,5
8207,3
8208,1
8209,0
8210,8
8211,4
8212,9
8213,2
8214,4
8215,3
8216,5
8217,2
8218,0
8219,0
8220,4
8221,0
8222,5
8223,5
8224,6
8225,0
8226,5
8227,7
8228,2
8229,4
8230,1
8231,6
8232,7
8233,0
8234,4
8235,0
8236,8
8237,1
8238,6
8239,2
8240,4
8241,6
8242,4
8243,3
8244,3
8245,7
8246,0
8247,7
8248,7
8249,0
8250,3
8251,7
8252,3
8253,6
8254,7
8255,6
8256,8
8257,1
8258,7
8259,2
8260,3
8261,1
8262,0
8263,0
8264,6
8265,4
8266,7
8267,4
8268,9
8269,7
8270,2
8271,4
8272,4
8273,1
8274,2
8275,8
8276,9
8277,4
8278,9
8279,3
8280,0
8281,0
8282,2
8283,4
8284,3
8285,2
8286,0
8287,8
8288,6
8289,0
8290,5
8291,5
8292,8
8293,6
8294,6
8295,3
8296,4
8297,2
8298,6
8299,1
8300,4
8301,4
8302,2
8303,5
8304,7
8305,0
8306,8
8307,1
8308,4
8309,8
8310,4
8311,9
8312,4
8313,1
8314,8
8315,0
8316,0
8317,6
8318,5
8319,7
8320,5
8321,4
8322,5
8323,9
8324,2
8325,7
8326,4
8327,0
8328,3
8329,5
8330,3
8331,1
8332,2
8333,7
8334,9
8335,1
8336,7
8337,6
8338,2
8339,3
8340,9
8341,1
8342,7
8343,3
8344,8
8345,6
8346,2
8347,3
8348,6
8349,0
8350,7
8351,3
8352,2
8353,3
8354,6
8355,1
8356,3
8357,7
8358,0
8359,8
8360,4
8361,7
8362,1
8363,7
8364,8
8365,2
8366,9
8367,6
8368,4
8369,0
8370,7
8371,1
8372,9
8373,7
8374,8
8375,4
8376,1
8377,0
8378,9
8379,2
8380,0
8381,4
8382,1
8383,9
8384,1
8385,2
8386,1
8387,7
8388,7
8389,1
8390,8
8391,7
8392,8
8393,7
8394,5
8395,2
8396,4
8397,6
8398,6
8399,8
8400,1
8401,2
8402,2
8403,8
8404,7
8405,0
8406,8
8407,7
8408,7
8409,0
8410,4
8411,4
8412,5
8413,8
8414,1
8415,8
8416,8
8417,2
8418,4
8419,5
8420,1
8421,0
8422,6
8423,9
8424,6
8425,0
8426,4
8427,5
8428,9
8429,1
8430,6
8431,1
8432,5
8433,3
8434,6
8435,5
8436,3
8437,2
8438,5
8439,2
8440,3
8441,3
8442,0
8443,3
8444,5
8445,1
8446,1
8447,6
8448,4
8449,4
8450,1
8451,5
8452,1
8453,9
8454,3
8455,3
8456,8
8457,0
8458,8
8459,2
8460,3
8461,1
8462,7
8463,3
8464,4
8465,4
8466,2
8467,1
8468,0
8469,1
8470,1
8471,9
8472,6
8473,7
8474,9
8475,7
8476,8
8477,2
8478,8
8479,9
8480,8
8481,7
8482,9
8483,9
8484,3
8485,2
8486,1
8487,2
8488,9
8489,0
8490,3
8491,9
8492,6
8493,8
8494,1
8495,1
8496,7
8497,4
8498,0
8499,4
8500,9
8501,6
8502,8
8503,2
8504,7
8505,0
8506,7
8507,2
8508,1
8509,1
8510,8
8511,8
8512,0
8513,2
8514,8
8515,0
8516,7
8517,1
8518,9
8519,7
8520,8
8521,9
8522,7
8523,3
8524,2
8525,0
8526,4
8527,3
8528,7
8529,0
8530,4
8531,3
8532,5
8533,5
8534,1
8535,1
8536,9
8537,8
8538,2
8539,7
8540,6
8541,8
8542,9
8543,2
8544,5
8545,0
8546,9
8547,7
8548,9
8549,2
8550,8
8551,9
8552,2
8553,5
8554,6
8555,1
8556,7
8557,7
8558,4
8559,7
8560,1
8561,9
8562,9
8563,0
8564,2
8565,7
8566,3
8567,7
8568,7
8569,1
8570,1
8571,4
8572,4
8573,9
8574,8
8575,6
8576,0
8577,2
8578,2
8579,3
8580,4
8581,8
8582,7
8583,9
8584,3
8585,1
8586,1
8587,6
8588,3
8589,8
8590,1
8591,5
8592,2
8593,0
8594,2
8595,0
8596,4
8597,0
8598,6
8599,9
8600,4
8601,0
8602,1
8603,2
8604,7
8605,0
8606,8
8607,7
8608,8
8609,8
8610,7
8611,4
8612,2
8613,9
8614,5
8615,0
8616,7
8617,1
8618,1
8619,9
8620,9
8621,7
8622,4
8623,2
8624,9
8625,3
8626,9
8627,5
8628,2
8629,6
8630,8
8631,5
8632,1
8633,6
8634,5
8635,5
8636,2
8637,8
8638,2
8639,5
8640,8
8641,1
8642,9
8643,9
8644,7
8645,6
8646,3
8647,7
8648,4
8649,1
8650,2
8651,1
8652,0
8653,3
8654,1
8655,2
8656,4
8657,6
8658,7
8659,9
8660,6
8661,3
8662,1
8663,3
8664,1
8665,0
8666,3
8667,3
8668,1
8669,5
8670,0
8671,3
8672,9
8673,1
8674,0
8675,1
8676,4
8677,6
8678,6
8679,9
8680,9
8681,7
8682,5
8683,9
8684,7
8685,5
8686,9
8687,2
8688,0
8689,4
8690,3
8691,5
8692,6
8693,3
8694,2
8695,8
8696,4
8697,6
8698,0
8699,7
8700,5
8701,2
8702,2
8703,9
8704,0
8705,7
8706,9
8707,4
8708,4
8709,7
8710,6
8711,7
8712,7
8713,3
8714,7
8715,6
8716,5
8717,1
8718,3
8719,2
8720,7
8721,6
8722,0
8723,5
8724,3
8725,8
8726,8
8727,0
8728,0
8729,9
8730,2
8731,3
8732,3
8733,5
8734,8
8735,5
8736,1
8737,5
8738,2
8739,2
8740,1
8741,1
8742,1
8743,9
8744,1
8745,4
8746,0
8747,1
8748,8
8749,1
8750,4
8751,4
8752,1
8753,0
8754,9
8755,5
8756,1
8757,3
8758,6
8759,0
8760,7
8761,2
8762,1
8763,4
8764,3
8765,6
8766,2
8767,8
8768,9
8769,4
8770,7
8771,0
8772,7
8773,3
8774,8
8775,4
8776,5
8777,0
8778,8
8779,3
8780,3
8781,0
8782,1
8783,5
8784,0
8785,9
8786,9
8787,3
8788,5
8789,8
8790,4
8791,7
8792,3
8793,2
8794,9
8795,0
8796,5
8797,1
8798,2
8799,1
8800,8
8801,7
8802,1
8803,2
8804,1
8805,1
8806,2
8807,6
8808,3
8809,7
8810,8
8811,2
8812,8
8813,4
8814,8
8815,4
8816,0
8817,3
8818,8
8819,2
8820,0
8821,2
8822,7
8823,6
8824,3
8825,1
8826,9
8827,0
8828,8
8829,2
8830,5
8831,8
8832,1
8833,0
8834,7
8835,8
8836,4
8837,4
8838,6
8839,5
8840,3
8841,7
8842,4
8843,1
8844,3
8845,2
8846,0
8847,6
8848,5
8849,0
8850,2
8851,8
8852,4
8853,4
8854,1
8855,1
8856,8
8857,2
8858,2
8859,5
8860,8
8861,0
8862,7
8863,1
8864,8
8865,3
8866,5
8867,7
8868,7
8869,5
8870,2
8871,4
8872,1
8873,4
8874,0
8875,0
8876,5
8877,0
8878,9
8879,1
8880,3
8881,1
8882,8
8883,3
8884,8
8885,6
8886,7
8887,1
8888,2
8889,0
8890,7
8891,6
8892,7
8893,3
8894,8
8895,6
8896,9
8897,7
8898,2
8899,1
8900,9
8901,2
8902,9
8903,4
8904,2
8905,4
8906,0
8907,8
8908,6
8909,3
8910,8
8911,5
8912,9
8913,5
8914,5
8915,3
8916,3
8917,0
8918,5
8919,6
8920,1
8921,6
8922,0
8923,3
8924,1
8925,1
8926,0
8927,3
8928,4
8929,2
8930,0
8931,9
8932,2
8933,0
8934,8
8935,6
8936,0
8937,1
8938,1
8939,5
8940,4
8941,1
8942,8
8943,4
8944,8
8945,0
8946,4
8947,0
8948,6
8949,2
8950,5
8951,3
8952,2
8953,7
8954,7
8955,1
8956,7
8957,5
8958,0
8959,2
8960,6
8961,6
8962,7
8963,1
8964,8
8965,6
8966,9
8967,6
8968,2
8969,1
8970,4
8971,4
8972,4
8973,6
8974,1
8975,9
8976,4
8977,0
8978,9
8979,1
8980,7
8981,9
8982,5
8983,1
8984,9
8985,7
8986,2
8987,2
8988,0
8989,9
8990,9
8991,3
8992,3
8993,1
8994,3
8995,0
8996,9
8997,6
8998,6
8999,1
9000,2
9001,3
9002,4
9003,3
9004,9
9005,3
9006,4
9007,8
9008,8
9009,3
9010,1
9011,1
9012,7
9013,5
9014,8
9015,8
9016,1
9017,4
9018,1
9019,7
9020,2
9021,9
9022,9
9023,5
9024,7
9025,0
9026,4
9027,1
9028,6
9029,4
9030,4
9031,3
9032,7
9033,0
9034,5
9035,3
9036,7
9037,5
9038,4
9039,0
9040,8
9041,6
9042,7
9043,2
9044,0
9045,9
9046,7
9047,6
9048,0
9049,8
9050,0
9051,3
9052,5
9053,3
9054,2
9055,1
9056,0
9057,2
9058,6
9059,9
9060,0
9061,2
9062,7
9063,5
9064,8
9065,5
9066,9
9067,4
9068,4
9069,2
9070,2
9071,9
9072,9
9073,1
9074,3
9075,5
9076,2
9077,1
9078,0
9079,1
9080,3
9081,1
9082,6
9083,1
9084,0
9085,9
9086,6
9087,7
9088,7
9089,7
9090,5
9091,2
9092,5
9093,3
9094,0
9095,1
9096,7
9097,6
9098,0
9099,3
9100,2
9101,9
9102,3
9103,9
9104,7
9105,4
9106,9
9107,9
9108,3
9109,7
9110,1
9111,9
9112,8
9113,3
9114,7
9115,2
9116,2
9117,7
9118,0
9119,1
9120,4
9121,5
9122,5
9123,8
9124,0
9125,4
9126,4
9127,2
9128,9
9129,8
9130,2
9131,7
9132,0
9133,2
9134,7
9135,7
9136,2
9137,5
9138,3
9139,2
9140,4
9141,8
9142,9
9143,0
9144,5
9145,8
9146,2
9147,9
9148,4
9149,4
9150,0
9151,3
9152,2
9153,0
9154,9
9155,0
9156,7
9157,3
9158,4
9159,0
9160,1
9161,2
9162,5
9163,6
9164,6
9165,4
9166,2
9167,9
9168,5
9169,4
9170,7
9171,1
9172,1
9173,6
9174,4
9175,7
9176,1
9177,8
9178,2
9179,4
9180,0
9181,6
9182,5
9183,6
9184,6
9185,1
9186,3
9187,5
9188,3
9189,1
9190,0
9191,0
9192,3
9193,9
9194,5
9195,1
9196,0
9197,9
9198,2
9199,8
9200,0
9201,9
9202,9
9203,1
9204,2
9205,8
9206,4
9207,2
9208,1
9209,5
9210,1
9211,9
9212,5
9213,9
9214,4
9215,1
9216,3
9217,9
9218,8
9219,4
9220,9
9221,9
9222,0
9223,4
9224,4
9225,9
9226,2
9227,7
9228,7
9229,5
9230,8
9231,4
9232,8
9233,8
9234,5
9235,2
9236,9
9237,4
9238,1
9239,9
9240,5
9241,8
9242,1
9243,8
9244,5
9245,4
9246,1
9247,0
9248,2
9249,3
9250,5
9251,0
9252,1
9253,8
9254,5
9255,8
9256,4
9257,8
9258,6
9259,7
9260,3
9261,8
9262,3
9263,3
9264,2
9265,3
9266,3
9267,7
9268,0
9269,2
9270,0
9271,8
9272,6
9273,8
9274,7
9275,6
9276,7
9277,3
9278,4
9279,9
9280,9
9281,6
9282,9
9283,8
9284,9
9285,4
9286,2
9287,2
9288,9
9289,1
9290,7
9291,3
9292,5
9293,1
9294,5
9295,1
9296,5
9297,0
9298,1
9299,9
9300,7
9301,9
9302,8
9303,6
9304,1
9305,8
9306,0
9307,3
9308,2
9309,1
9310,0
9311,7
9312,2
9313,7
9314,9
9315,8
9316,9
9317,7
9318,7
9319,9
9320,1
9321,2
9322,7
9323,7
9324,3
9325,5
9326,7
9327,8
9328,1
9329,4
9330,1
9331,4
9332,0
9333,3
9334,1
9335,4
9336,1
9337,3
9338,8
9339,7
9340,2
9341,8
9342,7
9343,5
9344,3
9345,4
9346,7
9347,7
9348,1
9349,2
9350,8
9351,2
9352,1
9353,5
9354,5
9355,6
9356,3
9357,9
9358,4
9359,3
9360,6
9361,6
9362,5
9363,5
9364,1
9365,3
9366,4
9367,3
9368,5
9369,1
9370,1
9371,1
9372,5
9373,6
9374,4
9375,0
9376,3
9377,9
9378,4
9379,9
9380,9
9381,8
9382,4
9383,1
9384,4
9385,2
9386,3
9387,8
9388,6
9389,3
9390,9
9391,2
9392,9
9393,0
9394,4
9395,9
9396,1
9397,7
9398,1
9399,1
9400,1
9401,7
9402,2
9403,7
9404,9
9405,6
9406,0
9407,8
9408,9
9409,0
9410,1
9411,1
9412,3
9413,4
9414,1
9415,4
9416,0
9417,6
9418,3
9419,8
9420,1
9421,5
9422,5
9423,7
9424,6
9425,1
9426,2
9427,0
9428,8
9429,6
9430,1
9431,6
9432,0
9433,4
9434,3
9435,9
9436,5
9437,0
9438,0
9439,4
9440,3
9441,4
9442,9
9443,7
9444,6
9445,1
9446,5
9447,4
9448,9
9449,8
9450,2
9451,4
9452,0
9453,5
9454,6
9455,8
9456,5
9457,2
9458,0
9459,4
9460,1
9461,1
9462,3
9463,7
9464,1
9465,4
9466,7
9467,0
9468,2
9469,2
9470,9
9471,6
9472,2
9473,7
9474,1
9475,0
9476,1
9477,8
9478,6
9479,9
9480,1
9481,3
9482,7
9483,0
9484,7
9485,7
9486,1
9487,7
9488,4
9489,3
9490,4
9491,9
9492,4
9493,1
9494,6
9495,2
9496,8
9497,8
9498,6
9499,0
9500,6
9501,7
9502,5
9503,1
9504,2
9505,5
9506,4
9507,0
9508,4
9509,4
9510,7
9511,2
9512,5
9513,5
9514,8
9515,7
9516,4
9517,8
9518,0
9519,5
9520,9
9521,9
9522,9
9523,2
9524,8
9525,0
9526,8
9527,2
9528,7
9529,4
9530,3
9531,1
9532,2
9533,6
9534,4
9535,6
9536,8
9537,8
9538,3
9539,8
9540,0
9541,1
9542,1
9543,7
9544,4
9545,8
9546,7
9547,9
9548,6
9549,6
9550,1
9551,3
9552,1
9553,3
9554,7
9555,2
9556,7
9557,3
9558,2
9559,7
9560,7
9561,0
9562,6
9563,9
9564,0
9565,0
9566,3
9567,3
9568,8
9569,5
9570,0
9571,1
9572,9
9573,4
9574,6
9575,3
9576,4
9577,6
9578,5
9579,6
9580,6
9581,9
9582,6
9583,0
9584,7
9585,9
9586,1
9587,0
9588,7
9589,7
9590,0
9591,4
9592,6
9593,5
9594,6
9595,1
9596,1
9597,7
9598,7
9599,8
9600,5
9601,4
9602,3
9603,7
9604,4
9605,4
9606,8
9607,0
9608,4
9609,2
9610,4
9611,3
9612,4
9613,4
9614,5
9615,1
9616,3
9617,7
9618,3
9619,5
9620,8
9621,1
9622,4
9623,3
9624,8
9625,6
9626,5
9627,8
9628,9
9629,1
9630,6
9631,4
9632,8
9633,9
9634,4
9635,1
9636,9
9637,3
9638,5
9639,9
9640,9
9641,5
9642,9
9643,4
9644,3
9645,4
9646,3
9647,2
9648,3
9649,0
9650,6
9651,2
9652,6
9653,4
9654,3
9655,7
9656,0
9657,2
9658,8
9659,3
9660,4
9661,4
9662,1
9663,3
9664,7
9665,4
9666,4
9667,3
9668,8
9669,8
9670,7
9671,4
9672,7
9673,3
9674,0
9675,5
9676,8
9677,2
9678,7
9679,2
9680,4
9681,5
9682,7
9683,6
9684,2
9685,2
9686,0
9687,5
9688,6
9689,0
9690,0
9691,2
9692,7
9693,7
9694,0
9695,2
9696,6
9697,4
9698,7
9699,8
9700,6
9701,1
9702,6
9703,4
9704,3
9705,4
9706,6
9707,1
9708,2
9709,9
9710,2
9711,3
9712,2
9713,7
9714,7
9715,4
9716,3
9717,8
9718,1
9719,6
9720,1
9721,1
9722,2
9723,0
9724,3
9725,9
9726,9
9727,5
9728,0
9729,3
9730,0
9731,2
9732,4
9733,5
9734,4
9735,6
9736,1
9737,5
9738,0
9739,3
9740,3
9741,0
9742,9
9743,0
9744,4
9745,9
9746,6
9747,8
9748,4
9749,4
9750,2
9751,8
9752,1
9753,7
9754,4
9755,4
9756,5
9757,4
9758,4
9759,7
9760,9
9761,1
9762,0
9763,2
9764,9
9765,5
9766,7
9767,6
9768,2
9769,1
9770,4
9771,2
9772,7
9773,4
9774,4
9775,0
9776,1
9777,1
9778,2
9779,6
9780,8
9781,1
9782,0
9783,8
9784,3
9785,9
9786,3
9787,2
9788,9
9789,7
9790,3
9791,8
9792,8
9793,0
9794,7
9795,4
9796,2
9797,3
9798,8
9799,2
9800,9
9801,9
9802,3
9803,5
9804,3
9805,5
9806,5
9807,4
9808,5
9809,0
9810,9
9811,1
9812,5
9813,5
9814,7
9815,3
9816,8
9817,7
9818,5
9819,9
9820,4
9821,8
9822,6
9823,2
9824,5
9825,9
9826,3
9827,0
9828,6
9829,9
9830,9
9831,9
9832,2
9833,7
9834,6
9835,0
9836,5
9837,3
9838,5
9839,0
9840,4
9841,0
9842,2
9843,8
9844,0
9845,3
9846,2
9847,7
9848,3
9849,1
9850,0
9851,9
9852,3
9853,1
9854,9
9855,2
9856,5
9857,3
9858,1
9859,4
9860,4
9861,0
9862,2
9863,2
9864,0
9865,6
9866,3
9867,5
9868,9
9869,0
9870,6
9871,8
9872,5
9873,8
9874,4
9875,0
9876,1
9877,2
9878,5
9879,0
9880,4
9881,5
9882,9
9883,0
9884,3
9885,2
9886,0
9887,2
9888,1
9889,6
9890,6
9891,7
9892,1
9893,6
9894,9
9895,5
9896,8
9897,6
9898,1
9899,4
9900,0
9901,6
9902,4
9903,4
9904,0
9905,0
9906,7
9907,3
9908,3
9909,1
9910,1
9911,8
9912,9
9913,0
9914,0
9915,6
9916,6
9917,9
9918,9
9919,0
9920,4
9921,6
9922,3
9923,3
9924,2
9925,3
9926,8
9927,8
9928,6
9929,1
9930,3
9931,1
9932,1
9933,7
9934,0
9935,2
9936,9
9937,6
9938,3
9939,7
9940,9
9941,4
9942,5
9943,0
9944,6
9945,2
9946,2
9947,5
9948,8
9949,4
9950,1
9951,6
9952,0
9953,3
9954,0
9955,6
9956,4
9957,3
9958,1
9959,1
9960,6
9961,2
9962,0
9963,8
9964,7
9965,0
9966,8
9967,5
9968,9
9969,1
9970,7
9971,0
9972,2
9973,1
9974,4
9975,0
9976,2
9977,7
9978,4
9979,5
9980,6
9981,4
9982,9
9983,1
9984,7
9985,3
9986,5
9987,6
9988,1
9989,2
9990,8
9991,2
9992,5
9993,7
9994,2
9995,6
9996,2
9997,6
9998,8
9999,7
